"observation_id","game_id","teamId","team_abbrev","game_date","retrieved_at","startTimeUTC","article_date","source_url","projection_status","eligible_for_backtest","participants_listed","participants_resolved","forwards","defensemen","scratched_complete","injured_complete","absence_unresolved"
"2026-10-08_185709_37828221813_1_d821bc9479044132b0bd68121a5ce6af",2026020056,68,"UTA","2026-10-08","2026-10-08T18:58:58.240Z","2026-10-08T23:00:00Z","2026-10-08","https://www.nhl.com/news/nhl-lineup-projections-2026-27-season","matched",TRUE,20,20,12,6,TRUE,TRUE,0
"2026-10-08_185709_37828221813_1_d821bc9479044132b0bd68121a5ce6af",2026020056,6,"BOS","2026-10-08","2026-10-08T18:58:58.240Z","2026-10-08T23:00:00Z","2026-10-08","https://www.nhl.com/news/nhl-lineup-projections-2026-27-season","unexpected_lineup_structure",FALSE,20,19,11,6,TRUE,TRUE,0
"2026-10-08_185709_37828221813_1_d821bc9479044132b0bd68121a5ce6af",2026020057,25,"DAL","2026-10-08","2026-10-08T18:58:58.240Z","2026-10-08T23:00:00Z","2026-10-08","https://www.nhl.com/news/nhl-lineup-projections-2026-27-season","matched",TRUE,20,20,12,6,TRUE,TRUE,0
"2026-10-08_185709_37828221813_1_d821bc9479044132b0bd68121a5ce6af",2026020057,7,"BUF","2026-10-08","2026-10-08T18:58:58.240Z","2026-10-08T23:00:00Z","2026-10-08","https://www.nhl.com/news/nhl-lineup-projections-2026-27-season","matched",TRUE,20,20,12,6,TRUE,FALSE,1
"2026-10-08_185709_37828221813_1_d821bc9479044132b0bd68121a5ce6af",2026020058,18,"NSH","2026-10-08","2026-10-08T18:58:58.240Z","2026-10-08T23:00:00Z","2026-10-08","https://www.nhl.com/news/nhl-lineup-projections-2026-27-season","matched",TRUE,20,20,11,7,TRUE,TRUE,0
"2026-10-08_185709_37828221813_1_d821bc9479044132b0bd68121a5ce6af",2026020058,8,"MTL","2026-10-08","2026-10-08T18:58:58.240Z","2026-10-08T23:00:00Z","2026-10-08","https://www.nhl.com/news/nhl-lineup-projections-2026-27-season","matched",TRUE,20,20,12,6,TRUE,FALSE,1
"2026-10-08_185709_37828221813_1_d821bc9479044132b0bd68121a5ce6af",2026020059,4,"PHI","2026-10-08","2026-10-08T18:58:58.240Z","2026-10-08T23:00:00Z","2026-10-08","https://www.nhl.com/news/nhl-lineup-projections-2026-27-season","matched",TRUE,20,20,12,6,TRUE,TRUE,0
"2026-10-08_185709_37828221813_1_d821bc9479044132b0bd68121a5ce6af",2026020059,9,"OTT","2026-10-08","2026-10-08T18:58:58.240Z","2026-10-08T23:00:00Z","2026-10-08","https://www.nhl.com/news/nhl-lineup-projections-2026-27-season","matched",TRUE,20,20,12,6,TRUE,FALSE,2
"2026-10-08_185709_37828221813_1_d821bc9479044132b0bd68121a5ce6af",2026020060,30,"MIN","2026-10-08","2026-10-08T18:58:58.240Z","2026-10-08T23:00:00Z","2026-10-08","https://www.nhl.com/news/nhl-lineup-projections-2026-27-season","missing_or_duplicate_team_block",FALSE,0,0,0,0,FALSE,FALSE,0
"2026-10-08_185709_37828221813_1_d821bc9479044132b0bd68121a5ce6af",2026020060,14,"TBL","2026-10-08","2026-10-08T18:58:58.240Z","2026-10-08T23:00:00Z","2026-10-08","https://www.nhl.com/news/nhl-lineup-projections-2026-27-season","missing_or_duplicate_team_block",FALSE,0,0,0,0,FALSE,FALSE,0
"2026-10-08_185709_37828221813_1_d821bc9479044132b0bd68121a5ce6af",2026020061,23,"VAN","2026-10-08","2026-10-08T18:58:58.240Z","2026-10-08T23:00:00Z","2026-10-08","https://www.nhl.com/news/nhl-lineup-projections-2026-27-season","participant_unresolved",FALSE,20,18,11,5,TRUE,TRUE,0
"2026-10-08_185709_37828221813_1_d821bc9479044132b0bd68121a5ce6af",2026020061,12,"CAR","2026-10-08","2026-10-08T18:58:58.240Z","2026-10-08T23:00:00Z","2026-10-08","https://www.nhl.com/news/nhl-lineup-projections-2026-27-season","participant_unresolved",FALSE,20,19,12,5,TRUE,FALSE,1
"2026-10-08_185709_37828221813_1_d821bc9479044132b0bd68121a5ce6af",2026020062,16,"CHI","2026-10-08","2026-10-08T18:58:58.240Z","2026-10-08T23:30:00Z","2026-10-08","https://www.nhl.com/news/nhl-lineup-projections-2026-27-season","participant_unresolved",FALSE,20,19,11,6,TRUE,TRUE,0
"2026-10-08_185709_37828221813_1_d821bc9479044132b0bd68121a5ce6af",2026020062,2,"NYI","2026-10-08","2026-10-08T18:58:58.240Z","2026-10-08T23:30:00Z","2026-10-08","https://www.nhl.com/news/nhl-lineup-projections-2026-27-season","participant_unresolved",FALSE,20,19,11,6,FALSE,FALSE,2
"2026-10-08_185709_37828221813_1_d821bc9479044132b0bd68121a5ce6af",2026020063,28,"SJS","2026-10-08","2026-10-08T18:58:58.240Z","2026-10-09T00:00:00Z","2026-10-08","https://www.nhl.com/news/nhl-lineup-projections-2026-27-season","participant_unresolved",FALSE,20,19,12,5,TRUE,TRUE,0
"2026-10-08_185709_37828221813_1_d821bc9479044132b0bd68121a5ce6af",2026020063,19,"STL","2026-10-08","2026-10-08T18:58:58.240Z","2026-10-09T00:00:00Z","2026-10-08","https://www.nhl.com/news/nhl-lineup-projections-2026-27-season","matched",TRUE,20,20,12,6,TRUE,TRUE,0
"2026-10-08_185709_37828221813_1_d821bc9479044132b0bd68121a5ce6af",2026020064,21,"COL","2026-10-08","2026-10-08T18:58:58.240Z","2026-10-09T01:00:00Z","2026-10-08","https://www.nhl.com/news/nhl-lineup-projections-2026-27-season","matched",TRUE,20,20,12,6,TRUE,TRUE,0
"2026-10-08_185709_37828221813_1_d821bc9479044132b0bd68121a5ce6af",2026020064,20,"CGY","2026-10-08","2026-10-08T18:58:58.240Z","2026-10-09T01:00:00Z","2026-10-08","https://www.nhl.com/news/nhl-lineup-projections-2026-27-season","matched",TRUE,20,20,12,6,FALSE,TRUE,1
"2026-10-08_185709_37828221813_1_d821bc9479044132b0bd68121a5ce6af",2026020065,10,"TOR","2026-10-08","2026-10-08T18:58:58.240Z","2026-10-09T02:00:00Z","2026-10-08","https://www.nhl.com/news/nhl-lineup-projections-2026-27-season","missing_or_duplicate_team_block",FALSE,0,0,0,0,FALSE,FALSE,0
"2026-10-08_185709_37828221813_1_d821bc9479044132b0bd68121a5ce6af",2026020065,54,"VGK","2026-10-08","2026-10-08T18:58:58.240Z","2026-10-09T02:00:00Z","2026-10-08","https://www.nhl.com/news/nhl-lineup-projections-2026-27-season","missing_or_duplicate_team_block",FALSE,0,0,0,0,FALSE,FALSE,0
