"season","roster_season","teamId","team_abbrev","playerId","first_name","last_name","player_name","position","roster_source","is_current_roster","directory_observed_at","observation_id","game_id","game_date","startTimeUTC","gameState","opponent_label","retrieved_at","source_url","article_date","schema_version","projection_status","eligible_for_backtest","in_projected_lineup","forward_line","defense_pairs","goalie_role","scratched","injured","injury_detail"
20262027,20262027,68,"UTA",8484388,"Daniil","But","Daniil But","F","current_roster",TRUE,"2026-10-08T17:11:00.612Z","2026-10-08_170938_37814377293_1_3617b6eeb37d43feaa243fecfea3c139",2026020056,"2026-10-08","2026-10-08T23:00:00Z","FUT","Bruins","2026-10-08T17:10:59.516Z","https://www.nhl.com/news/nhl-lineup-projections-2026-27-season","2026-10-08",1,"matched",TRUE,1,4,NA,NA,0,0,NA
20262027,20262027,68,"UTA",8479619,"Michael","Carcone","Michael Carcone","F","current_roster",TRUE,"2026-10-08T17:11:00.613Z","2026-10-08_170938_37814377293_1_3617b6eeb37d43feaa243fecfea3c139",2026020056,"2026-10-08","2026-10-08T23:00:00Z","FUT","Bruins","2026-10-08T17:10:59.516Z","https://www.nhl.com/news/nhl-lineup-projections-2026-27-season","2026-10-08",1,"matched",TRUE,1,4,NA,NA,0,0,NA
20262027,20262027,68,"UTA",8483431,"Logan","Cooley","Logan Cooley","F","current_roster",TRUE,"2026-10-08T17:11:00.614Z","2026-10-08_170938_37814377293_1_3617b6eeb37d43feaa243fecfea3c139",2026020056,"2026-10-08","2026-10-08T23:00:00Z","FUT","Bruins","2026-10-08T17:10:59.516Z","https://www.nhl.com/news/nhl-lineup-projections-2026-27-season","2026-10-08",1,"matched",TRUE,1,2,NA,NA,0,0,NA
20262027,20262027,68,"UTA",8478474,"Lawson","Crouse","Lawson Crouse","F","current_roster",TRUE,"2026-10-08T17:11:00.615Z","2026-10-08_170938_37814377293_1_3617b6eeb37d43feaa243fecfea3c139",2026020056,"2026-10-08","2026-10-08T23:00:00Z","FUT","Bruins","2026-10-08T17:10:59.516Z","https://www.nhl.com/news/nhl-lineup-projections-2026-27-season","2026-10-08",1,"matched",TRUE,1,3,NA,NA,0,0,NA
20262027,20262027,68,"UTA",8482699,"Dylan","Guenther","Dylan Guenther","F","current_roster",TRUE,"2026-10-08T17:11:00.616Z","2026-10-08_170938_37814377293_1_3617b6eeb37d43feaa243fecfea3c139",2026020056,"2026-10-08","2026-10-08T23:00:00Z","FUT","Bruins","2026-10-08T17:10:59.516Z","https://www.nhl.com/news/nhl-lineup-projections-2026-27-season","2026-10-08",1,"matched",TRUE,1,2,NA,NA,0,0,NA
20262027,20262027,68,"UTA",8480849,"Barrett","Hayton","Barrett Hayton","F","current_roster",TRUE,"2026-10-08T17:11:00.617Z","2026-10-08_170938_37814377293_1_3617b6eeb37d43feaa243fecfea3c139",2026020056,"2026-10-08","2026-10-08T23:00:00Z","FUT","Bruins","2026-10-08T17:10:59.516Z","https://www.nhl.com/news/nhl-lineup-projections-2026-27-season","2026-10-08",1,"matched",TRUE,1,3,NA,NA,0,0,NA
20262027,20262027,68,"UTA",8479343,"Clayton","Keller","Clayton Keller","F","current_roster",TRUE,"2026-10-08T17:11:00.618Z","2026-10-08_170938_37814377293_1_3617b6eeb37d43feaa243fecfea3c139",2026020056,"2026-10-08","2026-10-08T23:00:00Z","FUT","Bruins","2026-10-08T17:10:59.516Z","https://www.nhl.com/news/nhl-lineup-projections-2026-27-season","2026-10-08",1,"matched",TRUE,1,1,NA,NA,0,0,NA
20262027,20262027,68,"UTA",8475314,"Anders","Lee","Anders Lee","F","current_roster",TRUE,"2026-10-08T17:11:00.618Z","2026-10-08_170938_37814377293_1_3617b6eeb37d43feaa243fecfea3c139",2026020056,"2026-10-08","2026-10-08T23:00:00Z","FUT","Bruins","2026-10-08T17:10:59.516Z","https://www.nhl.com/news/nhl-lineup-projections-2026-27-season","2026-10-08",1,"matched",TRUE,1,2,NA,NA,0,0,NA
20262027,20262027,68,"UTA",8480855,"Jack","McBain","Jack McBain","F","current_roster",TRUE,"2026-10-08T17:11:00.619Z","2026-10-08_170938_37814377293_1_3617b6eeb37d43feaa243fecfea3c139",2026020056,"2026-10-08","2026-10-08T23:00:00Z","FUT","Bruins","2026-10-08T17:10:59.516Z","https://www.nhl.com/news/nhl-lineup-projections-2026-27-season","2026-10-08",1,"matched",TRUE,1,3,NA,NA,0,0,NA
20262027,20262027,68,"UTA",8477070,"Liam","O'Brien","Liam O'Brien","F","current_roster",TRUE,"2026-10-08T17:11:00.620Z","2026-10-08_170938_37814377293_1_3617b6eeb37d43feaa243fecfea3c139",2026020056,"2026-10-08","2026-10-08T23:00:00Z","FUT","Bruins","2026-10-08T17:10:59.516Z","https://www.nhl.com/news/nhl-lineup-projections-2026-27-season","2026-10-08",1,"matched",TRUE,0,NA,NA,NA,1,0,NA
20262027,20262027,68,"UTA",8477951,"Nick","Schmaltz","Nick Schmaltz","F","current_roster",TRUE,"2026-10-08T17:11:00.621Z","2026-10-08_170938_37814377293_1_3617b6eeb37d43feaa243fecfea3c139",2026020056,"2026-10-08","2026-10-08T23:00:00Z","FUT","Bruins","2026-10-08T17:10:59.516Z","https://www.nhl.com/news/nhl-lineup-projections-2026-27-season","2026-10-08",1,"matched",TRUE,1,1,NA,NA,0,0,NA
20262027,20262027,68,"UTA",8478831,"Kevin","Stenlund","Kevin Stenlund","F","current_roster",TRUE,"2026-10-08T17:11:00.622Z","2026-10-08_170938_37814377293_1_3617b6eeb37d43feaa243fecfea3c139",2026020056,"2026-10-08","2026-10-08T23:00:00Z","FUT","Bruins","2026-10-08T17:10:59.516Z","https://www.nhl.com/news/nhl-lineup-projections-2026-27-season","2026-10-08",1,"matched",TRUE,1,4,NA,NA,0,0,NA
20262027,20262027,68,"UTA",8476389,"Vincent","Trocheck","Vincent Trocheck","F","current_roster",TRUE,"2026-10-08T17:11:00.623Z","2026-10-08_170938_37814377293_1_3617b6eeb37d43feaa243fecfea3c139",2026020056,"2026-10-08","2026-10-08T23:00:00Z","FUT","Bruins","2026-10-08T17:10:59.516Z","https://www.nhl.com/news/nhl-lineup-projections-2026-27-season","2026-10-08",1,"matched",TRUE,1,1,NA,NA,0,0,NA
20262027,20262027,68,"UTA",8479977,"Kailer","Yamamoto","Kailer Yamamoto","F","current_roster",TRUE,"2026-10-08T17:11:00.624Z","2026-10-08_170938_37814377293_1_3617b6eeb37d43feaa243fecfea3c139",2026020056,"2026-10-08","2026-10-08T23:00:00Z","FUT","Bruins","2026-10-08T17:10:59.516Z","https://www.nhl.com/news/nhl-lineup-projections-2026-27-season","2026-10-08",1,"matched",TRUE,0,NA,NA,NA,1,0,NA
20262027,20262027,68,"UTA",8480084,"Nick","DeSimone","Nick DeSimone","D","current_roster",TRUE,"2026-10-08T17:11:00.625Z","2026-10-08_170938_37814377293_1_3617b6eeb37d43feaa243fecfea3c139",2026020056,"2026-10-08","2026-10-08T23:00:00Z","FUT","Bruins","2026-10-08T17:10:59.516Z","https://www.nhl.com/news/nhl-lineup-projections-2026-27-season","2026-10-08",1,"matched",TRUE,0,NA,NA,NA,1,0,NA
20262027,20262027,68,"UTA",8483472,"Maveric","Lamoureux","Maveric Lamoureux","D","current_roster",TRUE,"2026-10-08T17:11:00.626Z","2026-10-08_170938_37814377293_1_3617b6eeb37d43feaa243fecfea3c139",2026020056,"2026-10-08","2026-10-08T23:00:00Z","FUT","Bruins","2026-10-08T17:10:59.516Z","https://www.nhl.com/news/nhl-lineup-projections-2026-27-season","2026-10-08",1,"matched",TRUE,0,NA,NA,NA,0,1,"shoulder"
20262027,20262027,68,"UTA",8478507,"John","Marino","John Marino","D","current_roster",TRUE,"2026-10-08T17:11:00.627Z","2026-10-08_170938_37814377293_1_3617b6eeb37d43feaa243fecfea3c139",2026020056,"2026-10-08","2026-10-08T23:00:00Z","FUT","Bruins","2026-10-08T17:10:59.516Z","https://www.nhl.com/news/nhl-lineup-projections-2026-27-season","2026-10-08",1,"matched",TRUE,1,NA,2,NA,0,0,NA
20262027,20262027,68,"UTA",8479369,"Andrew","Peeke","Andrew Peeke","D","current_roster",TRUE,"2026-10-08T17:11:00.628Z","2026-10-08_170938_37814377293_1_3617b6eeb37d43feaa243fecfea3c139",2026020056,"2026-10-08","2026-10-08T23:00:00Z","FUT","Bruins","2026-10-08T17:10:59.516Z","https://www.nhl.com/news/nhl-lineup-projections-2026-27-season","2026-10-08",1,"matched",TRUE,1,NA,3,NA,0,0,NA
20262027,20262027,68,"UTA",8477220,"Nate","Schmidt","Nate Schmidt","D","current_roster",TRUE,"2026-10-08T17:11:00.629Z","2026-10-08_170938_37814377293_1_3617b6eeb37d43feaa243fecfea3c139",2026020056,"2026-10-08","2026-10-08T23:00:00Z","FUT","Bruins","2026-10-08T17:10:59.516Z","https://www.nhl.com/news/nhl-lineup-projections-2026-27-season","2026-10-08",1,"matched",TRUE,1,NA,2,NA,0,0,NA
20262027,20262027,68,"UTA",8479410,"Mikhail","Sergachev","Mikhail Sergachev","D","current_roster",TRUE,"2026-10-08T17:11:00.630Z","2026-10-08_170938_37814377293_1_3617b6eeb37d43feaa243fecfea3c139",2026020056,"2026-10-08","2026-10-08T23:00:00Z","FUT","Bruins","2026-10-08T17:10:59.516Z","https://www.nhl.com/news/nhl-lineup-projections-2026-27-season","2026-10-08",1,"matched",TRUE,1,NA,1,NA,0,0,NA
20262027,20262027,68,"UTA",8484386,"Dmitri","Simashev","Dmitri Simashev","D","current_roster",TRUE,"2026-10-08T17:11:00.631Z","2026-10-08_170938_37814377293_1_3617b6eeb37d43feaa243fecfea3c139",2026020056,"2026-10-08","2026-10-08T23:00:00Z","FUT","Bruins","2026-10-08T17:10:59.516Z","https://www.nhl.com/news/nhl-lineup-projections-2026-27-season","2026-10-08",1,"matched",TRUE,1,NA,3,NA,0,0,NA
20262027,20262027,68,"UTA",8477346,"MacKenzie","Weegar","MacKenzie Weegar","D","current_roster",TRUE,"2026-10-08T17:11:00.632Z","2026-10-08_170938_37814377293_1_3617b6eeb37d43feaa243fecfea3c139",2026020056,"2026-10-08","2026-10-08T23:00:00Z","FUT","Bruins","2026-10-08T17:10:59.516Z","https://www.nhl.com/news/nhl-lineup-projections-2026-27-season","2026-10-08",1,"matched",TRUE,1,NA,1,NA,0,0,NA
20262027,20262027,68,"UTA",8482657,"Sebastian","Cossa","Sebastian Cossa","G","current_roster",TRUE,"2026-10-08T17:11:00.633Z","2026-10-08_170938_37814377293_1_3617b6eeb37d43feaa243fecfea3c139",2026020056,"2026-10-08","2026-10-08T23:00:00Z","FUT","Bruins","2026-10-08T17:10:59.516Z","https://www.nhl.com/news/nhl-lineup-projections-2026-27-season","2026-10-08",1,"matched",TRUE,1,NA,NA,"starter",0,0,NA
20262027,20262027,68,"UTA",8478872,"Karel","Vejmelka","Karel Vejmelka","G","current_roster",TRUE,"2026-10-08T17:11:00.634Z","2026-10-08_170938_37814377293_1_3617b6eeb37d43feaa243fecfea3c139",2026020056,"2026-10-08","2026-10-08T23:00:00Z","FUT","Bruins","2026-10-08T17:10:59.516Z","https://www.nhl.com/news/nhl-lineup-projections-2026-27-season","2026-10-08",1,"matched",TRUE,1,NA,NA,"backup",0,0,NA
20262027,20262027,25,"DAL",8473994,"Jamie","Benn","Jamie Benn","F","current_roster",TRUE,"2026-10-08T17:11:00.257Z","2026-10-08_170938_37814377293_1_3617b6eeb37d43feaa243fecfea3c139",2026020057,"2026-10-08","2026-10-08T23:00:00Z","FUT","Sabres","2026-10-08T17:10:59.516Z","https://www.nhl.com/news/nhl-lineup-projections-2026-27-season","2026-10-08",1,"matched",TRUE,1,1,NA,NA,0,0,NA
20262027,20262027,25,"DAL",8476278,"Colin","Blackwell","Colin Blackwell","F","current_roster",TRUE,"2026-10-08T17:11:00.258Z","2026-10-08_170938_37814377293_1_3617b6eeb37d43feaa243fecfea3c139",2026020057,"2026-10-08","2026-10-08T23:00:00Z","FUT","Sabres","2026-10-08T17:10:59.516Z","https://www.nhl.com/news/nhl-lineup-projections-2026-27-season","2026-10-08",1,"matched",TRUE,1,4,NA,NA,0,0,NA
20262027,20262027,25,"DAL",8480840,"Oskar","Bäck","Oskar Bäck","F","current_roster",TRUE,"2026-10-08T17:11:00.259Z","2026-10-08_170938_37814377293_1_3617b6eeb37d43feaa243fecfea3c139",2026020057,"2026-10-08","2026-10-08T23:00:00Z","FUT","Sabres","2026-10-08T17:10:59.516Z","https://www.nhl.com/news/nhl-lineup-projections-2026-27-season","2026-10-08",1,"matched",TRUE,1,4,NA,NA,0,0,NA
20262027,20262027,25,"DAL",8475168,"Matt","Duchene","Matt Duchene","F","current_roster",TRUE,"2026-10-08T17:11:00.260Z","2026-10-08_170938_37814377293_1_3617b6eeb37d43feaa243fecfea3c139",2026020057,"2026-10-08","2026-10-08T23:00:00Z","FUT","Sabres","2026-10-08T17:10:59.516Z","https://www.nhl.com/news/nhl-lineup-projections-2026-27-season","2026-10-08",1,"matched",TRUE,0,NA,NA,NA,0,1,"lower body"
20262027,20262027,25,"DAL",8476889,"Radek","Faksa","Radek Faksa","F","current_roster",TRUE,"2026-10-08T17:11:00.261Z","2026-10-08_170938_37814377293_1_3617b6eeb37d43feaa243fecfea3c139",2026020057,"2026-10-08","2026-10-08T23:00:00Z","FUT","Sabres","2026-10-08T17:10:59.516Z","https://www.nhl.com/news/nhl-lineup-projections-2026-27-season","2026-10-08",1,"matched",TRUE,1,4,NA,NA,0,0,NA
20262027,20262027,25,"DAL",8478449,"Roope","Hintz","Roope Hintz","F","current_roster",TRUE,"2026-10-08T17:11:00.262Z","2026-10-08_170938_37814377293_1_3617b6eeb37d43feaa243fecfea3c139",2026020057,"2026-10-08","2026-10-08T23:00:00Z","FUT","Sabres","2026-10-08T17:10:59.516Z","https://www.nhl.com/news/nhl-lineup-projections-2026-27-season","2026-10-08",1,"matched",TRUE,1,1,NA,NA,0,0,NA
20262027,20262027,25,"DAL",8484829,"Justin","Hryckowian","Justin Hryckowian","F","current_roster",TRUE,"2026-10-08T17:11:00.263Z","2026-10-08_170938_37814377293_1_3617b6eeb37d43feaa243fecfea3c139",2026020057,"2026-10-08","2026-10-08T23:00:00Z","FUT","Sabres","2026-10-08T17:10:59.516Z","https://www.nhl.com/news/nhl-lineup-projections-2026-27-season","2026-10-08",1,"matched",TRUE,1,3,NA,NA,0,0,NA
20262027,20262027,25,"DAL",8484938,"Arttu","Hyry","Arttu Hyry","F","current_roster",TRUE,"2026-10-08T17:11:00.264Z","2026-10-08_170938_37814377293_1_3617b6eeb37d43feaa243fecfea3c139",2026020057,"2026-10-08","2026-10-08T23:00:00Z","FUT","Sabres","2026-10-08T17:10:59.516Z","https://www.nhl.com/news/nhl-lineup-projections-2026-27-season","2026-10-08",1,"matched",TRUE,1,3,NA,NA,0,0,NA
20262027,20262027,25,"DAL",8482740,"Wyatt","Johnston","Wyatt Johnston","F","current_roster",TRUE,"2026-10-08T17:11:00.265Z","2026-10-08_170938_37814377293_1_3617b6eeb37d43feaa243fecfea3c139",2026020057,"2026-10-08","2026-10-08T23:00:00Z","FUT","Sabres","2026-10-08T17:10:59.516Z","https://www.nhl.com/news/nhl-lineup-projections-2026-27-season","2026-10-08",1,"matched",TRUE,1,2,NA,NA,0,0,NA
20262027,20262027,25,"DAL",8481641,"Joel","Kiviranta","Joel Kiviranta","F","current_roster",TRUE,"2026-10-08T17:11:00.266Z","2026-10-08_170938_37814377293_1_3617b6eeb37d43feaa243fecfea3c139",2026020057,"2026-10-08","2026-10-08T23:00:00Z","FUT","Sabres","2026-10-08T17:10:59.516Z","https://www.nhl.com/news/nhl-lineup-projections-2026-27-season","2026-10-08",1,"matched",TRUE,0,NA,NA,NA,0,1,"lower body"
20262027,20262027,25,"DAL",8478420,"Mikko","Rantanen","Mikko Rantanen","F","current_roster",TRUE,"2026-10-08T17:11:00.267Z","2026-10-08_170938_37814377293_1_3617b6eeb37d43feaa243fecfea3c139",2026020057,"2026-10-08","2026-10-08T23:00:00Z","FUT","Sabres","2026-10-08T17:10:59.516Z","https://www.nhl.com/news/nhl-lineup-projections-2026-27-season","2026-10-08",1,"matched",TRUE,1,2,NA,NA,0,0,NA
20262027,20262027,25,"DAL",8480027,"Jason","Robertson","Jason Robertson","F","current_roster",TRUE,"2026-10-08T17:11:00.267Z","2026-10-08_170938_37814377293_1_3617b6eeb37d43feaa243fecfea3c139",2026020057,"2026-10-08","2026-10-08T23:00:00Z","FUT","Sabres","2026-10-08T17:10:59.516Z","https://www.nhl.com/news/nhl-lineup-projections-2026-27-season","2026-10-08",1,"matched",TRUE,1,1,NA,NA,0,0,NA
20262027,20262027,25,"DAL",8475794,"Tyler","Seguin","Tyler Seguin","F","current_roster",TRUE,"2026-10-08T17:11:00.268Z","2026-10-08_170938_37814377293_1_3617b6eeb37d43feaa243fecfea3c139",2026020057,"2026-10-08","2026-10-08T23:00:00Z","FUT","Sabres","2026-10-08T17:10:59.516Z","https://www.nhl.com/news/nhl-lineup-projections-2026-27-season","2026-10-08",1,"matched",TRUE,1,3,NA,NA,0,0,NA
20262027,20262027,25,"DAL",8479351,"Sam","Steel","Sam Steel","F","current_roster",TRUE,"2026-10-08T17:11:00.269Z","2026-10-08_170938_37814377293_1_3617b6eeb37d43feaa243fecfea3c139",2026020057,"2026-10-08","2026-10-08T23:00:00Z","FUT","Sabres","2026-10-08T17:10:59.516Z","https://www.nhl.com/news/nhl-lineup-projections-2026-27-season","2026-10-08",1,"matched",TRUE,1,2,NA,NA,0,0,NA
20262027,20262027,25,"DAL",8483425,"Lian","Bichsel","Lian Bichsel","D","current_roster",TRUE,"2026-10-08T17:11:00.271Z","2026-10-08_170938_37814377293_1_3617b6eeb37d43feaa243fecfea3c139",2026020057,"2026-10-08","2026-10-08T23:00:00Z","FUT","Sabres","2026-10-08T17:10:59.516Z","https://www.nhl.com/news/nhl-lineup-projections-2026-27-season","2026-10-08",1,"matched",TRUE,1,NA,3,NA,0,0,NA
20262027,20262027,25,"DAL",8477335,"Kyle","Burroughs","Kyle Burroughs","D","current_roster",TRUE,"2026-10-08T17:11:00.272Z","2026-10-08_170938_37814377293_1_3617b6eeb37d43feaa243fecfea3c139",2026020057,"2026-10-08","2026-10-08T23:00:00Z","FUT","Sabres","2026-10-08T17:10:59.516Z","https://www.nhl.com/news/nhl-lineup-projections-2026-27-season","2026-10-08",1,"matched",TRUE,0,NA,NA,NA,0,0,NA
20262027,20262027,25,"DAL",8478476,"Kyle","Capobianco","Kyle Capobianco","D","current_roster",TRUE,"2026-10-08T17:11:00.272Z","2026-10-08_170938_37814377293_1_3617b6eeb37d43feaa243fecfea3c139",2026020057,"2026-10-08","2026-10-08T23:00:00Z","FUT","Sabres","2026-10-08T17:10:59.516Z","https://www.nhl.com/news/nhl-lineup-projections-2026-27-season","2026-10-08",1,"matched",TRUE,0,NA,NA,NA,1,0,NA
20262027,20262027,25,"DAL",8481581,"Thomas","Harley","Thomas Harley","D","current_roster",TRUE,"2026-10-08T17:11:00.273Z","2026-10-08_170938_37814377293_1_3617b6eeb37d43feaa243fecfea3c139",2026020057,"2026-10-08","2026-10-08T23:00:00Z","FUT","Sabres","2026-10-08T17:10:59.516Z","https://www.nhl.com/news/nhl-lineup-projections-2026-27-season","2026-10-08",1,"matched",TRUE,1,NA,2,NA,0,0,NA
20262027,20262027,25,"DAL",8480036,"Miro","Heiskanen","Miro Heiskanen","D","current_roster",TRUE,"2026-10-08T17:11:00.274Z","2026-10-08_170938_37814377293_1_3617b6eeb37d43feaa243fecfea3c139",2026020057,"2026-10-08","2026-10-08T23:00:00Z","FUT","Sabres","2026-10-08T17:10:59.516Z","https://www.nhl.com/news/nhl-lineup-projections-2026-27-season","2026-10-08",1,"matched",TRUE,1,NA,1,NA,0,0,NA
20262027,20262027,25,"DAL",8476902,"Esa","Lindell","Esa Lindell","D","current_roster",TRUE,"2026-10-08T17:11:00.275Z","2026-10-08_170938_37814377293_1_3617b6eeb37d43feaa243fecfea3c139",2026020057,"2026-10-08","2026-10-08T23:00:00Z","FUT","Sabres","2026-10-08T17:10:59.516Z","https://www.nhl.com/news/nhl-lineup-projections-2026-27-season","2026-10-08",1,"matched",TRUE,1,NA,1,NA,0,0,NA
20262027,20262027,25,"DAL",8480878,"Nils","Lundkvist","Nils Lundkvist","D","current_roster",TRUE,"2026-10-08T17:11:00.279Z","2026-10-08_170938_37814377293_1_3617b6eeb37d43feaa243fecfea3c139",2026020057,"2026-10-08","2026-10-08T23:00:00Z","FUT","Sabres","2026-10-08T17:10:59.516Z","https://www.nhl.com/news/nhl-lineup-projections-2026-27-season","2026-10-08",1,"matched",TRUE,1,NA,2,NA,0,0,NA
20262027,20262027,25,"DAL",8474574,"Tyler","Myers","Tyler Myers","D","current_roster",TRUE,"2026-10-08T17:11:00.280Z","2026-10-08_170938_37814377293_1_3617b6eeb37d43feaa243fecfea3c139",2026020057,"2026-10-08","2026-10-08T23:00:00Z","FUT","Sabres","2026-10-08T17:10:59.516Z","https://www.nhl.com/news/nhl-lineup-projections-2026-27-season","2026-10-08",1,"matched",TRUE,1,NA,3,NA,0,0,NA
20262027,20262027,25,"DAL",8479193,"Casey","DeSmith","Casey DeSmith","G","current_roster",TRUE,"2026-10-08T17:11:00.281Z","2026-10-08_170938_37814377293_1_3617b6eeb37d43feaa243fecfea3c139",2026020057,"2026-10-08","2026-10-08T23:00:00Z","FUT","Sabres","2026-10-08T17:10:59.516Z","https://www.nhl.com/news/nhl-lineup-projections-2026-27-season","2026-10-08",1,"matched",TRUE,1,NA,NA,"backup",0,0,NA
20262027,20262027,25,"DAL",8479979,"Jake","Oettinger","Jake Oettinger","G","current_roster",TRUE,"2026-10-08T17:11:00.282Z","2026-10-08_170938_37814377293_1_3617b6eeb37d43feaa243fecfea3c139",2026020057,"2026-10-08","2026-10-08T23:00:00Z","FUT","Sabres","2026-10-08T17:10:59.516Z","https://www.nhl.com/news/nhl-lineup-projections-2026-27-season","2026-10-08",1,"matched",TRUE,1,NA,NA,"starter",0,0,NA
20262027,20262027,7,"BUF",8484145,"Zach","Benson","Zach Benson","F","current_roster",TRUE,"2026-10-08T17:10:59.787Z","2026-10-08_170938_37814377293_1_3617b6eeb37d43feaa243fecfea3c139",2026020057,"2026-10-08","2026-10-08T23:00:00Z","FUT","Stars","2026-10-08T17:10:59.516Z","https://www.nhl.com/news/nhl-lineup-projections-2026-27-season","2026-10-08",1,"matched",TRUE,1,2,NA,NA,0,NA,NA
20262027,20262027,7,"BUF",8475842,"Sam","Carrick","Sam Carrick","F","current_roster",TRUE,"2026-10-08T17:10:59.788Z","2026-10-08_170938_37814377293_1_3617b6eeb37d43feaa243fecfea3c139",2026020057,"2026-10-08","2026-10-08T23:00:00Z","FUT","Stars","2026-10-08T17:10:59.516Z","https://www.nhl.com/news/nhl-lineup-projections-2026-27-season","2026-10-08",1,"matched",TRUE,0,NA,NA,NA,1,NA,NA
20262027,20262027,7,"BUF",8479941,"Justin","Danforth","Justin Danforth","F","current_roster",TRUE,"2026-10-08T17:10:59.789Z","2026-10-08_170938_37814377293_1_3617b6eeb37d43feaa243fecfea3c139",2026020057,"2026-10-08","2026-10-08T23:00:00Z","FUT","Stars","2026-10-08T17:10:59.516Z","https://www.nhl.com/news/nhl-lineup-projections-2026-27-season","2026-10-08",1,"matched",TRUE,1,4,NA,NA,0,NA,NA
20262027,20262027,7,"BUF",8482659,"Josh","Doan","Josh Doan","F","current_roster",TRUE,"2026-10-08T17:10:59.790Z","2026-10-08_170938_37814377293_1_3617b6eeb37d43feaa243fecfea3c139",2026020057,"2026-10-08","2026-10-08T23:00:00Z","FUT","Stars","2026-10-08T17:10:59.516Z","https://www.nhl.com/news/nhl-lineup-projections-2026-27-season","2026-10-08",1,"matched",TRUE,1,3,NA,NA,0,NA,NA
20262027,20262027,7,"BUF",8484797,"Konsta","Helenius","Konsta Helenius","F","current_roster",TRUE,"2026-10-08T17:10:59.791Z","2026-10-08_170938_37814377293_1_3617b6eeb37d43feaa243fecfea3c139",2026020057,"2026-10-08","2026-10-08T23:00:00Z","FUT","Stars","2026-10-08T17:10:59.516Z","https://www.nhl.com/news/nhl-lineup-projections-2026-27-season","2026-10-08",1,"matched",TRUE,1,3,NA,NA,0,NA,NA
20262027,20262027,7,"BUF",8482896,"Tyson","Kozak","Tyson Kozak","F","current_roster",TRUE,"2026-10-08T17:10:59.792Z","2026-10-08_170938_37814377293_1_3617b6eeb37d43feaa243fecfea3c139",2026020057,"2026-10-08","2026-10-08T23:00:00Z","FUT","Stars","2026-10-08T17:10:59.516Z","https://www.nhl.com/news/nhl-lineup-projections-2026-27-season","2026-10-08",1,"matched",TRUE,0,NA,NA,NA,1,NA,NA
20262027,20262027,7,"BUF",8481522,"Peyton","Krebs","Peyton Krebs","F","current_roster",TRUE,"2026-10-08T17:10:59.792Z","2026-10-08_170938_37814377293_1_3617b6eeb37d43feaa243fecfea3c139",2026020057,"2026-10-08","2026-10-08T23:00:00Z","FUT","Stars","2026-10-08T17:10:59.516Z","https://www.nhl.com/news/nhl-lineup-projections-2026-27-season","2026-10-08",1,"matched",TRUE,1,1,NA,NA,0,NA,NA
20262027,20262027,7,"BUF",8483468,"Jiri","Kulich","Jiri Kulich","F","current_roster",TRUE,"2026-10-08T17:10:59.793Z","2026-10-08_170938_37814377293_1_3617b6eeb37d43feaa243fecfea3c139",2026020057,"2026-10-08","2026-10-08T23:00:00Z","FUT","Stars","2026-10-08T17:10:59.516Z","https://www.nhl.com/news/nhl-lineup-projections-2026-27-season","2026-10-08",1,"matched",TRUE,1,1,NA,NA,0,NA,NA
20262027,20262027,7,"BUF",8479359,"Beck","Malenstyn","Beck Malenstyn","F","current_roster",TRUE,"2026-10-08T17:10:59.794Z","2026-10-08_170938_37814377293_1_3617b6eeb37d43feaa243fecfea3c139",2026020057,"2026-10-08","2026-10-08T23:00:00Z","FUT","Stars","2026-10-08T17:10:59.516Z","https://www.nhl.com/news/nhl-lineup-projections-2026-27-season","2026-10-08",1,"matched",TRUE,1,4,NA,NA,0,NA,NA
20262027,20262027,7,"BUF",8480802,"Ryan","McLeod","Ryan McLeod","F","current_roster",TRUE,"2026-10-08T17:10:59.795Z","2026-10-08_170938_37814377293_1_3617b6eeb37d43feaa243fecfea3c139",2026020057,"2026-10-08","2026-10-08T23:00:00Z","FUT","Stars","2026-10-08T17:10:59.516Z","https://www.nhl.com/news/nhl-lineup-projections-2026-27-season","2026-10-08",1,"matched",TRUE,1,4,NA,NA,0,NA,NA
20262027,20262027,7,"BUF",8480064,"Josh","Norris","Josh Norris","F","current_roster",TRUE,"2026-10-08T17:10:59.796Z","2026-10-08_170938_37814377293_1_3617b6eeb37d43feaa243fecfea3c139",2026020057,"2026-10-08","2026-10-08T23:00:00Z","FUT","Stars","2026-10-08T17:10:59.516Z","https://www.nhl.com/news/nhl-lineup-projections-2026-27-season","2026-10-08",1,"matched",TRUE,1,3,NA,NA,0,NA,NA
20262027,20262027,7,"BUF",8483500,"Noah","Ostlund","Noah Ostlund","F","current_roster",TRUE,"2026-10-08T17:10:59.797Z","2026-10-08_170938_37814377293_1_3617b6eeb37d43feaa243fecfea3c139",2026020057,"2026-10-08","2026-10-08T23:00:00Z","FUT","Stars","2026-10-08T17:10:59.516Z","https://www.nhl.com/news/nhl-lineup-projections-2026-27-season","2026-10-08",1,"matched",TRUE,1,2,NA,NA,0,NA,NA
20262027,20262027,7,"BUF",8482097,"Jack","Quinn","Jack Quinn","F","current_roster",TRUE,"2026-10-08T17:10:59.798Z","2026-10-08_170938_37814377293_1_3617b6eeb37d43feaa243fecfea3c139",2026020057,"2026-10-08","2026-10-08T23:00:00Z","FUT","Stars","2026-10-08T17:10:59.516Z","https://www.nhl.com/news/nhl-lineup-projections-2026-27-season","2026-10-08",1,"matched",TRUE,1,2,NA,NA,0,NA,NA
20262027,20262027,7,"BUF",8479420,"Tage","Thompson","Tage Thompson","F","current_roster",TRUE,"2026-10-08T17:10:59.799Z","2026-10-08_170938_37814377293_1_3617b6eeb37d43feaa243fecfea3c139",2026020057,"2026-10-08","2026-10-08T23:00:00Z","FUT","Stars","2026-10-08T17:10:59.516Z","https://www.nhl.com/news/nhl-lineup-projections-2026-27-season","2026-10-08",1,"matched",TRUE,1,1,NA,NA,0,NA,NA
20262027,20262027,7,"BUF",8481806,"Louis","Crevier","Louis Crevier","D","current_roster",TRUE,"2026-10-08T17:10:59.800Z","2026-10-08_170938_37814377293_1_3617b6eeb37d43feaa243fecfea3c139",2026020057,"2026-10-08","2026-10-08T23:00:00Z","FUT","Stars","2026-10-08T17:10:59.516Z","https://www.nhl.com/news/nhl-lineup-projections-2026-27-season","2026-10-08",1,"matched",TRUE,1,NA,3,NA,0,NA,NA
20262027,20262027,7,"BUF",8480839,"Rasmus","Dahlin","Rasmus Dahlin","D","current_roster",TRUE,"2026-10-08T17:10:59.801Z","2026-10-08_170938_37814377293_1_3617b6eeb37d43feaa243fecfea3c139",2026020057,"2026-10-08","2026-10-08T23:00:00Z","FUT","Stars","2026-10-08T17:10:59.516Z","https://www.nhl.com/news/nhl-lineup-projections-2026-27-season","2026-10-08",1,"matched",TRUE,1,NA,1,NA,0,NA,NA
20262027,20262027,7,"BUF",8476891,"Matt","Grzelcyk","Matt Grzelcyk","D","current_roster",TRUE,"2026-10-08T17:10:59.802Z","2026-10-08_170938_37814377293_1_3617b6eeb37d43feaa243fecfea3c139",2026020057,"2026-10-08","2026-10-08T23:00:00Z","FUT","Stars","2026-10-08T17:10:59.516Z","https://www.nhl.com/news/nhl-lineup-projections-2026-27-season","2026-10-08",1,"matched",TRUE,0,NA,NA,NA,1,NA,NA
20262027,20262027,7,"BUF",8484305,"Zach","Metsa","Zach Metsa","D","current_roster",TRUE,"2026-10-08T17:10:59.803Z","2026-10-08_170938_37814377293_1_3617b6eeb37d43feaa243fecfea3c139",2026020057,"2026-10-08","2026-10-08T23:00:00Z","FUT","Stars","2026-10-08T17:10:59.516Z","https://www.nhl.com/news/nhl-lineup-projections-2026-27-season","2026-10-08",1,"matched",TRUE,1,NA,3,NA,0,NA,NA
20262027,20262027,7,"BUF",8482671,"Owen","Power","Owen Power","D","current_roster",TRUE,"2026-10-08T17:10:59.804Z","2026-10-08_170938_37814377293_1_3617b6eeb37d43feaa243fecfea3c139",2026020057,"2026-10-08","2026-10-08T23:00:00Z","FUT","Stars","2026-10-08T17:10:59.516Z","https://www.nhl.com/news/nhl-lineup-projections-2026-27-season","2026-10-08",1,"matched",TRUE,1,NA,2,NA,0,NA,NA
20262027,20262027,7,"BUF",8480807,"Mattias","Samuelsson","Mattias Samuelsson","D","current_roster",TRUE,"2026-10-08T17:10:59.805Z","2026-10-08_170938_37814377293_1_3617b6eeb37d43feaa243fecfea3c139",2026020057,"2026-10-08","2026-10-08T23:00:00Z","FUT","Stars","2026-10-08T17:10:59.516Z","https://www.nhl.com/news/nhl-lineup-projections-2026-27-season","2026-10-08",1,"matched",TRUE,1,NA,1,NA,0,NA,NA
20262027,20262027,7,"BUF",8479982,"Conor","Timmins","Conor Timmins","D","current_roster",TRUE,"2026-10-08T17:10:59.806Z","2026-10-08_170938_37814377293_1_3617b6eeb37d43feaa243fecfea3c139",2026020057,"2026-10-08","2026-10-08T23:00:00Z","FUT","Stars","2026-10-08T17:10:59.516Z","https://www.nhl.com/news/nhl-lineup-projections-2026-27-season","2026-10-08",1,"matched",TRUE,0,NA,NA,NA,0,NA,"lower body"
20262027,20262027,7,"BUF",8482803,"Olen","Zellweger","Olen Zellweger","D","current_roster",TRUE,"2026-10-08T17:10:59.807Z","2026-10-08_170938_37814377293_1_3617b6eeb37d43feaa243fecfea3c139",2026020057,"2026-10-08","2026-10-08T23:00:00Z","FUT","Stars","2026-10-08T17:10:59.516Z","https://www.nhl.com/news/nhl-lineup-projections-2026-27-season","2026-10-08",1,"matched",TRUE,1,NA,2,NA,0,NA,NA
20262027,20262027,7,"BUF",8481551,"Colten","Ellis","Colten Ellis","G","current_roster",TRUE,"2026-10-08T17:10:59.808Z","2026-10-08_170938_37814377293_1_3617b6eeb37d43feaa243fecfea3c139",2026020057,"2026-10-08","2026-10-08T23:00:00Z","FUT","Stars","2026-10-08T17:10:59.516Z","https://www.nhl.com/news/nhl-lineup-projections-2026-27-season","2026-10-08",1,"matched",TRUE,1,NA,NA,"backup",0,NA,NA
20262027,20262027,7,"BUF",8480045,"Ukko-Pekka","Luukkonen","Ukko-Pekka Luukkonen","G","current_roster",TRUE,"2026-10-08T17:10:59.811Z","2026-10-08_170938_37814377293_1_3617b6eeb37d43feaa243fecfea3c139",2026020057,"2026-10-08","2026-10-08T23:00:00Z","FUT","Stars","2026-10-08T17:10:59.516Z","https://www.nhl.com/news/nhl-lineup-projections-2026-27-season","2026-10-08",1,"matched",TRUE,1,NA,NA,"starter",0,NA,NA
20262027,20262027,7,"BUF",8479312,"Alex","Lyon","Alex Lyon","G","current_roster",TRUE,"2026-10-08T17:10:59.812Z","2026-10-08_170938_37814377293_1_3617b6eeb37d43feaa243fecfea3c139",2026020057,"2026-10-08","2026-10-08T23:00:00Z","FUT","Stars","2026-10-08T17:10:59.516Z","https://www.nhl.com/news/nhl-lineup-projections-2026-27-season","2026-10-08",1,"matched",TRUE,0,NA,NA,NA,0,NA,"upper body"
20262027,20262027,18,"NSH",8482145,"Mavrik","Bourque","Mavrik Bourque","F","current_roster",TRUE,"2026-10-08T17:10:59.916Z","2026-10-08_170938_37814377293_1_3617b6eeb37d43feaa243fecfea3c139",2026020058,"2026-10-08","2026-10-08T23:00:00Z","FUT","Canadiens","2026-10-08T17:10:59.516Z","https://www.nhl.com/news/nhl-lineup-projections-2026-27-season","2026-10-08",1,"matched",TRUE,1,3,NA,NA,0,0,NA
20262027,20262027,18,"NSH",8479525,"Ross","Colton","Ross Colton","F","current_roster",TRUE,"2026-10-08T17:10:59.917Z","2026-10-08_170938_37814377293_1_3617b6eeb37d43feaa243fecfea3c139",2026020058,"2026-10-08","2026-10-08T23:00:00Z","FUT","Canadiens","2026-10-08T17:10:59.516Z","https://www.nhl.com/news/nhl-lineup-projections-2026-27-season","2026-10-08",1,"matched",TRUE,1,3,NA,NA,0,0,NA
20262027,20262027,18,"NSH",8480835,"Jack","Drury","Jack Drury","F","current_roster",TRUE,"2026-10-08T17:10:59.918Z","2026-10-08_170938_37814377293_1_3617b6eeb37d43feaa243fecfea3c139",2026020058,"2026-10-08","2026-10-08T23:00:00Z","FUT","Canadiens","2026-10-08T17:10:59.516Z","https://www.nhl.com/news/nhl-lineup-projections-2026-27-season","2026-10-08",1,"matched",TRUE,1,4,NA,NA,0,0,NA
20262027,20262027,18,"NSH",8481726,"Adam","Edstrom","Adam Edstrom","F","current_roster",TRUE,"2026-10-08T17:10:59.919Z","2026-10-08_170938_37814377293_1_3617b6eeb37d43feaa243fecfea3c139",2026020058,"2026-10-08","2026-10-08T23:00:00Z","FUT","Canadiens","2026-10-08T17:10:59.516Z","https://www.nhl.com/news/nhl-lineup-projections-2026-27-season","2026-10-08",1,"matched",TRUE,1,4,NA,NA,0,0,NA
20262027,20262027,18,"NSH",8476887,"Filip","Forsberg","Filip Forsberg","F","current_roster",TRUE,"2026-10-08T17:10:59.920Z","2026-10-08_170938_37814377293_1_3617b6eeb37d43feaa243fecfea3c139",2026020058,"2026-10-08","2026-10-08T23:00:00Z","FUT","Canadiens","2026-10-08T17:10:59.516Z","https://www.nhl.com/news/nhl-lineup-projections-2026-27-season","2026-10-08",1,"matched",TRUE,1,2,NA,NA,0,0,NA
20262027,20262027,18,"NSH",8481535,"Nils","Hoglander","Nils Hoglander","F","current_roster",TRUE,"2026-10-08T17:10:59.921Z","2026-10-08_170938_37814377293_1_3617b6eeb37d43feaa243fecfea3c139",2026020058,"2026-10-08","2026-10-08T23:00:00Z","FUT","Canadiens","2026-10-08T17:10:59.516Z","https://www.nhl.com/news/nhl-lineup-projections-2026-27-season","2026-10-08",1,"matched",TRUE,1,2,NA,NA,0,0,NA
20262027,20262027,18,"NSH",8477021,"Alexander","Kerfoot","Alexander Kerfoot","F","current_roster",TRUE,"2026-10-08T17:10:59.922Z","2026-10-08_170938_37814377293_1_3617b6eeb37d43feaa243fecfea3c139",2026020058,"2026-10-08","2026-10-08T23:00:00Z","FUT","Canadiens","2026-10-08T17:10:59.516Z","https://www.nhl.com/news/nhl-lineup-projections-2026-27-season","2026-10-08",1,"matched",TRUE,1,1,NA,NA,0,0,NA
20262027,20262027,18,"NSH",8476539,"Jonathan","Marchessault","Jonathan Marchessault","F","current_roster",TRUE,"2026-10-08T17:10:59.923Z","2026-10-08_170938_37814377293_1_3617b6eeb37d43feaa243fecfea3c139",2026020058,"2026-10-08","2026-10-08T23:00:00Z","FUT","Canadiens","2026-10-08T17:10:59.516Z","https://www.nhl.com/news/nhl-lineup-projections-2026-27-season","2026-10-08",1,"matched",TRUE,1,3,NA,NA,0,0,NA
20262027,20262027,18,"NSH",8475158,"Ryan","O'Reilly","Ryan O'Reilly","F","current_roster",TRUE,"2026-10-08T17:10:59.924Z","2026-10-08_170938_37814377293_1_3617b6eeb37d43feaa243fecfea3c139",2026020058,"2026-10-08","2026-10-08T23:00:00Z","FUT","Canadiens","2026-10-08T17:10:59.516Z","https://www.nhl.com/news/nhl-lineup-projections-2026-27-season","2026-10-08",1,"matched",TRUE,1,1,NA,NA,0,0,NA
20262027,20262027,18,"NSH",8486189,"Vitali","Pinchuk","Vitali Pinchuk","F","current_roster",TRUE,"2026-10-08T17:10:59.924Z","2026-10-08_170938_37814377293_1_3617b6eeb37d43feaa243fecfea3c139",2026020058,"2026-10-08","2026-10-08T23:00:00Z","FUT","Canadiens","2026-10-08T17:10:59.516Z","https://www.nhl.com/news/nhl-lineup-projections-2026-27-season","2026-10-08",1,"matched",TRUE,0,NA,NA,NA,1,0,NA
20262027,20262027,18,"NSH",8483513,"Reid","Schaefer","Reid Schaefer","F","current_roster",TRUE,"2026-10-08T17:10:59.925Z","2026-10-08_170938_37814377293_1_3617b6eeb37d43feaa243fecfea3c139",2026020058,"2026-10-08","2026-10-08T23:00:00Z","FUT","Canadiens","2026-10-08T17:10:59.516Z","https://www.nhl.com/news/nhl-lineup-projections-2026-27-season","2026-10-08",1,"matched",TRUE,0,NA,NA,NA,1,0,NA
20262027,20262027,18,"NSH",8474564,"Steven","Stamkos","Steven Stamkos","F","current_roster",TRUE,"2026-10-08T17:10:59.926Z","2026-10-08_170938_37814377293_1_3617b6eeb37d43feaa243fecfea3c139",2026020058,"2026-10-08","2026-10-08T23:00:00Z","FUT","Canadiens","2026-10-08T17:10:59.516Z","https://www.nhl.com/news/nhl-lineup-projections-2026-27-season","2026-10-08",1,"matched",TRUE,1,1,NA,NA,0,0,NA
20262027,20262027,18,"NSH",8484241,"Matthew","Wood","Matthew Wood","F","current_roster",TRUE,"2026-10-08T17:10:59.927Z","2026-10-08_170938_37814377293_1_3617b6eeb37d43feaa243fecfea3c139",2026020058,"2026-10-08","2026-10-08T23:00:00Z","FUT","Canadiens","2026-10-08T17:10:59.516Z","https://www.nhl.com/news/nhl-lineup-projections-2026-27-season","2026-10-08",1,"matched",TRUE,1,2,NA,NA,0,0,NA
20262027,20262027,18,"NSH",8482072,"Jack","Ahcan","Jack Ahcan","D","current_roster",TRUE,"2026-10-08T17:10:59.928Z","2026-10-08_170938_37814377293_1_3617b6eeb37d43feaa243fecfea3c139",2026020058,"2026-10-08","2026-10-08T23:00:00Z","FUT","Canadiens","2026-10-08T17:10:59.516Z","https://www.nhl.com/news/nhl-lineup-projections-2026-27-season","2026-10-08",1,"matched",TRUE,1,NA,4,NA,0,0,NA
20262027,20262027,18,"NSH",8479980,"Nicolas","Hague","Nicolas Hague","D","current_roster",TRUE,"2026-10-08T17:10:59.929Z","2026-10-08_170938_37814377293_1_3617b6eeb37d43feaa243fecfea3c139",2026020058,"2026-10-08","2026-10-08T23:00:00Z","FUT","Canadiens","2026-10-08T17:10:59.516Z","https://www.nhl.com/news/nhl-lineup-projections-2026-27-season","2026-10-08",1,"matched",TRUE,1,NA,1,NA,0,0,NA
20262027,20262027,18,"NSH",8474600,"Roman","Josi","Roman Josi","D","current_roster",TRUE,"2026-10-08T17:10:59.930Z","2026-10-08_170938_37814377293_1_3617b6eeb37d43feaa243fecfea3c139",2026020058,"2026-10-08","2026-10-08T23:00:00Z","FUT","Canadiens","2026-10-08T17:10:59.516Z","https://www.nhl.com/news/nhl-lineup-projections-2026-27-season","2026-10-08",1,"matched",TRUE,1,NA,1,NA,0,0,NA
20262027,20262027,18,"NSH",8480950,"Ilya","Lyubushkin","Ilya Lyubushkin","D","current_roster",TRUE,"2026-10-08T17:10:59.931Z","2026-10-08_170938_37814377293_1_3617b6eeb37d43feaa243fecfea3c139",2026020058,"2026-10-08","2026-10-08T23:00:00Z","FUT","Canadiens","2026-10-08T17:10:59.516Z","https://www.nhl.com/news/nhl-lineup-projections-2026-27-season","2026-10-08",1,"matched",TRUE,0,NA,NA,NA,1,0,NA
20262027,20262027,18,"NSH",8480246,"Nick","Perbix","Nick Perbix","D","current_roster",TRUE,"2026-10-08T17:10:59.932Z","2026-10-08_170938_37814377293_1_3617b6eeb37d43feaa243fecfea3c139",2026020058,"2026-10-08","2026-10-08T23:00:00Z","FUT","Canadiens","2026-10-08T17:10:59.516Z","https://www.nhl.com/news/nhl-lineup-projections-2026-27-season","2026-10-08",1,"matched",TRUE,1,NA,2,NA,0,0,NA
20262027,20262027,18,"NSH",8476869,"Brady","Skjei","Brady Skjei","D","current_roster",TRUE,"2026-10-08T17:10:59.933Z","2026-10-08_170938_37814377293_1_3617b6eeb37d43feaa243fecfea3c139",2026020058,"2026-10-08","2026-10-08T23:00:00Z","FUT","Canadiens","2026-10-08T17:10:59.516Z","https://www.nhl.com/news/nhl-lineup-projections-2026-27-season","2026-10-08",1,"matched",TRUE,1,NA,2,NA,0,0,NA
20262027,20262027,18,"NSH",8482806,"William","Trudeau","William Trudeau","D","current_roster",TRUE,"2026-10-08T17:10:59.934Z","2026-10-08_170938_37814377293_1_3617b6eeb37d43feaa243fecfea3c139",2026020058,"2026-10-08","2026-10-08T23:00:00Z","FUT","Canadiens","2026-10-08T17:10:59.516Z","https://www.nhl.com/news/nhl-lineup-projections-2026-27-season","2026-10-08",1,"matched",TRUE,1,NA,3,NA,0,0,NA
20262027,20262027,18,"NSH",8482482,"Adam","Wilsby","Adam Wilsby","D","current_roster",TRUE,"2026-10-08T17:10:59.937Z","2026-10-08_170938_37814377293_1_3617b6eeb37d43feaa243fecfea3c139",2026020058,"2026-10-08","2026-10-08T23:00:00Z","FUT","Canadiens","2026-10-08T17:10:59.516Z","https://www.nhl.com/news/nhl-lineup-projections-2026-27-season","2026-10-08",1,"matched",TRUE,1,NA,3,NA,0,0,NA
20262027,20262027,18,"NSH",8481020,"Justus","Annunen","Justus Annunen","G","current_roster",TRUE,"2026-10-08T17:10:59.938Z","2026-10-08_170938_37814377293_1_3617b6eeb37d43feaa243fecfea3c139",2026020058,"2026-10-08","2026-10-08T23:00:00Z","FUT","Canadiens","2026-10-08T17:10:59.516Z","https://www.nhl.com/news/nhl-lineup-projections-2026-27-season","2026-10-08",1,"matched",TRUE,0,NA,NA,NA,0,1,"undisclosed"
20262027,20262027,18,"NSH",8483575,"Matt","Murray","Matt Murray","G","current_roster",TRUE,"2026-10-08T17:10:59.939Z","2026-10-08_170938_37814377293_1_3617b6eeb37d43feaa243fecfea3c139",2026020058,"2026-10-08","2026-10-08T23:00:00Z","FUT","Canadiens","2026-10-08T17:10:59.516Z","https://www.nhl.com/news/nhl-lineup-projections-2026-27-season","2026-10-08",1,"matched",TRUE,1,NA,NA,"backup",0,0,NA
20262027,20262027,18,"NSH",8477424,"Juuse","Saros","Juuse Saros","G","current_roster",TRUE,"2026-10-08T17:10:59.940Z","2026-10-08_170938_37814377293_1_3617b6eeb37d43feaa243fecfea3c139",2026020058,"2026-10-08","2026-10-08T23:00:00Z","FUT","Canadiens","2026-10-08T17:10:59.516Z","https://www.nhl.com/news/nhl-lineup-projections-2026-27-season","2026-10-08",1,"matched",TRUE,1,NA,NA,"starter",0,0,NA
20262027,20262027,8,"MTL",8476981,"Josh","Anderson","Josh Anderson","F","current_roster",TRUE,"2026-10-08T17:10:59.760Z","2026-10-08_170938_37814377293_1_3617b6eeb37d43feaa243fecfea3c139",2026020058,"2026-10-08","2026-10-08T23:00:00Z","FUT","Predators","2026-10-08T17:10:59.516Z","https://www.nhl.com/news/nhl-lineup-projections-2026-27-season","2026-10-08",1,"matched",TRUE,1,4,NA,NA,0,NA,NA
20262027,20262027,8,"MTL",8482737,"Zachary","Bolduc","Zachary Bolduc","F","current_roster",TRUE,"2026-10-08T17:10:59.761Z","2026-10-08_170938_37814377293_1_3617b6eeb37d43feaa243fecfea3c139",2026020058,"2026-10-08","2026-10-08T23:00:00Z","FUT","Predators","2026-10-08T17:10:59.516Z","https://www.nhl.com/news/nhl-lineup-projections-2026-27-season","2026-10-08",1,"matched",TRUE,1,3,NA,NA,0,NA,NA
20262027,20262027,8,"MTL",8481540,"Cole","Caufield","Cole Caufield","F","current_roster",TRUE,"2026-10-08T17:10:59.762Z","2026-10-08_170938_37814377293_1_3617b6eeb37d43feaa243fecfea3c139",2026020058,"2026-10-08","2026-10-08T23:00:00Z","FUT","Predators","2026-10-08T17:10:59.516Z","https://www.nhl.com/news/nhl-lineup-projections-2026-27-season","2026-10-08",1,"matched",TRUE,1,1,NA,NA,0,NA,NA
20262027,20262027,8,"MTL",8481523,"Kirby","Dach","Kirby Dach","F","current_roster",TRUE,"2026-10-08T17:10:59.763Z","2026-10-08_170938_37814377293_1_3617b6eeb37d43feaa243fecfea3c139",2026020058,"2026-10-08","2026-10-08T23:00:00Z","FUT","Predators","2026-10-08T17:10:59.516Z","https://www.nhl.com/news/nhl-lineup-projections-2026-27-season","2026-10-08",1,"matched",TRUE,1,2,NA,NA,0,NA,NA
20262027,20262027,8,"MTL",8476479,"Phillip","Danault","Phillip Danault","F","current_roster",TRUE,"2026-10-08T17:10:59.764Z","2026-10-08_170938_37814377293_1_3617b6eeb37d43feaa243fecfea3c139",2026020058,"2026-10-08","2026-10-08T23:00:00Z","FUT","Predators","2026-10-08T17:10:59.516Z","https://www.nhl.com/news/nhl-lineup-projections-2026-27-season","2026-10-08",1,"matched",TRUE,1,3,NA,NA,0,NA,NA
20262027,20262027,8,"MTL",8484984,"Ivan","Demidov","Ivan Demidov","F","current_roster",TRUE,"2026-10-08T17:10:59.765Z","2026-10-08_170938_37814377293_1_3617b6eeb37d43feaa243fecfea3c139",2026020058,"2026-10-08","2026-10-08T23:00:00Z","FUT","Predators","2026-10-08T17:10:59.516Z","https://www.nhl.com/news/nhl-lineup-projections-2026-27-season","2026-10-08",1,"matched",TRUE,0,NA,NA,NA,0,NA,"lower body"
20262027,20262027,8,"MTL",8478133,"Jake","Evans","Jake Evans","F","current_roster",TRUE,"2026-10-08T17:10:59.766Z","2026-10-08_170938_37814377293_1_3617b6eeb37d43feaa243fecfea3c139",2026020058,"2026-10-08","2026-10-08T23:00:00Z","FUT","Predators","2026-10-08T17:10:59.516Z","https://www.nhl.com/news/nhl-lineup-projections-2026-27-season","2026-10-08",1,"matched",TRUE,1,4,NA,NA,0,NA,NA
20262027,20262027,8,"MTL",8482775,"Oliver","Kapanen","Oliver Kapanen","F","current_roster",TRUE,"2026-10-08T17:10:59.767Z","2026-10-08_170938_37814377293_1_3617b6eeb37d43feaa243fecfea3c139",2026020058,"2026-10-08","2026-10-08T23:00:00Z","FUT","Predators","2026-10-08T17:10:59.516Z","https://www.nhl.com/news/nhl-lineup-projections-2026-27-season","2026-10-08",1,"matched",TRUE,0,NA,NA,NA,0,NA,"lower body"
20262027,20262027,8,"MTL",8475184,"Chris","Kreider","Chris Kreider","F","current_roster",TRUE,"2026-10-08T17:10:59.768Z","2026-10-08_170938_37814377293_1_3617b6eeb37d43feaa243fecfea3c139",2026020058,"2026-10-08","2026-10-08T23:00:00Z","FUT","Predators","2026-10-08T17:10:59.516Z","https://www.nhl.com/news/nhl-lineup-projections-2026-27-season","2026-10-08",1,"matched",TRUE,1,1,NA,NA,0,NA,NA
20262027,20262027,8,"MTL",8481618,"Alex","Newhook","Alex Newhook","F","current_roster",TRUE,"2026-10-08T17:10:59.769Z","2026-10-08_170938_37814377293_1_3617b6eeb37d43feaa243fecfea3c139",2026020058,"2026-10-08","2026-10-08T23:00:00Z","FUT","Predators","2026-10-08T17:10:59.516Z","https://www.nhl.com/news/nhl-lineup-projections-2026-27-season","2026-10-08",1,"matched",TRUE,1,2,NA,NA,0,NA,NA
20262027,20262027,8,"MTL",8483515,"Juraj","Slafkovský","Juraj Slafkovský","F","current_roster",TRUE,"2026-10-08T17:10:59.770Z","2026-10-08_170938_37814377293_1_3617b6eeb37d43feaa243fecfea3c139",2026020058,"2026-10-08","2026-10-08T23:00:00Z","FUT","Predators","2026-10-08T17:10:59.516Z","https://www.nhl.com/news/nhl-lineup-projections-2026-27-season","2026-10-08",1,"matched",TRUE,1,2,NA,NA,0,NA,NA
20262027,20262027,8,"MTL",8480018,"Nick","Suzuki","Nick Suzuki","F","current_roster",TRUE,"2026-10-08T17:10:59.771Z","2026-10-08_170938_37814377293_1_3617b6eeb37d43feaa243fecfea3c139",2026020058,"2026-10-08","2026-10-08T23:00:00Z","FUT","Predators","2026-10-08T17:10:59.516Z","https://www.nhl.com/news/nhl-lineup-projections-2026-27-season","2026-10-08",1,"matched",TRUE,1,1,NA,NA,0,NA,NA
20262027,20262027,8,"MTL",8480074,"Alexandre","Texier","Alexandre Texier","F","current_roster",TRUE,"2026-10-08T17:10:59.772Z","2026-10-08_170938_37814377293_1_3617b6eeb37d43feaa243fecfea3c139",2026020058,"2026-10-08","2026-10-08T23:00:00Z","FUT","Predators","2026-10-08T17:10:59.516Z","https://www.nhl.com/news/nhl-lineup-projections-2026-27-season","2026-10-08",1,"matched",TRUE,1,3,NA,NA,0,NA,NA
20262027,20262027,8,"MTL",8484403,"Florian","Xhekaj","Florian Xhekaj","F","current_roster",TRUE,"2026-10-08T17:10:59.773Z","2026-10-08_170938_37814377293_1_3617b6eeb37d43feaa243fecfea3c139",2026020058,"2026-10-08","2026-10-08T23:00:00Z","FUT","Predators","2026-10-08T17:10:59.516Z","https://www.nhl.com/news/nhl-lineup-projections-2026-27-season","2026-10-08",1,"matched",TRUE,1,4,NA,NA,0,NA,NA
20262027,20262027,8,"MTL",8478851,"Alexandre","Carrier","Alexandre Carrier","D","current_roster",TRUE,"2026-10-08T17:10:59.774Z","2026-10-08_170938_37814377293_1_3617b6eeb37d43feaa243fecfea3c139",2026020058,"2026-10-08","2026-10-08T23:00:00Z","FUT","Predators","2026-10-08T17:10:59.516Z","https://www.nhl.com/news/nhl-lineup-projections-2026-27-season","2026-10-08",1,"matched",TRUE,1,NA,2,NA,0,NA,NA
20262027,20262027,8,"MTL",8480865,"Noah","Dobson","Noah Dobson","D","current_roster",TRUE,"2026-10-08T17:10:59.775Z","2026-10-08_170938_37814377293_1_3617b6eeb37d43feaa243fecfea3c139",2026020058,"2026-10-08","2026-10-08T23:00:00Z","FUT","Predators","2026-10-08T17:10:59.516Z","https://www.nhl.com/news/nhl-lineup-projections-2026-27-season","2026-10-08",1,"matched",TRUE,1,NA,1,NA,0,NA,NA
20262027,20262027,8,"MTL",8483686,"Adam","Engstrom","Adam Engstrom","D","current_roster",TRUE,"2026-10-08T17:10:59.776Z","2026-10-08_170938_37814377293_1_3617b6eeb37d43feaa243fecfea3c139",2026020058,"2026-10-08","2026-10-08T23:00:00Z","FUT","Predators","2026-10-08T17:10:59.516Z","https://www.nhl.com/news/nhl-lineup-projections-2026-27-season","2026-10-08",1,"matched",TRUE,1,NA,3,NA,0,NA,NA
20262027,20262027,8,"MTL",8483457,"Lane","Hutson","Lane Hutson","D","current_roster",TRUE,"2026-10-08T17:10:59.777Z","2026-10-08_170938_37814377293_1_3617b6eeb37d43feaa243fecfea3c139",2026020058,"2026-10-08","2026-10-08T23:00:00Z","FUT","Predators","2026-10-08T17:10:59.516Z","https://www.nhl.com/news/nhl-lineup-projections-2026-27-season","2026-10-08",1,"matched",TRUE,1,NA,2,NA,0,NA,NA
20262027,20262027,8,"MTL",8476875,"Mike","Matheson","Mike Matheson","D","current_roster",TRUE,"2026-10-08T17:10:59.780Z","2026-10-08_170938_37814377293_1_3617b6eeb37d43feaa243fecfea3c139",2026020058,"2026-10-08","2026-10-08T23:00:00Z","FUT","Predators","2026-10-08T17:10:59.516Z","https://www.nhl.com/news/nhl-lineup-projections-2026-27-season","2026-10-08",1,"matched",TRUE,1,NA,1,NA,0,NA,NA
20262027,20262027,8,"MTL",8481593,"Jayden","Struble","Jayden Struble","D","current_roster",TRUE,"2026-10-08T17:10:59.781Z","2026-10-08_170938_37814377293_1_3617b6eeb37d43feaa243fecfea3c139",2026020058,"2026-10-08","2026-10-08T23:00:00Z","FUT","Predators","2026-10-08T17:10:59.516Z","https://www.nhl.com/news/nhl-lineup-projections-2026-27-season","2026-10-08",1,"matched",TRUE,0,NA,NA,NA,1,NA,NA
20262027,20262027,8,"MTL",8482964,"Arber","Xhekaj","Arber Xhekaj","D","current_roster",TRUE,"2026-10-08T17:10:59.782Z","2026-10-08_170938_37814377293_1_3617b6eeb37d43feaa243fecfea3c139",2026020058,"2026-10-08","2026-10-08T23:00:00Z","FUT","Predators","2026-10-08T17:10:59.516Z","https://www.nhl.com/news/nhl-lineup-projections-2026-27-season","2026-10-08",1,"matched",TRUE,1,NA,3,NA,0,NA,NA
20262027,20262027,8,"MTL",8482487,"Jakub","Dobes","Jakub Dobes","G","current_roster",TRUE,"2026-10-08T17:10:59.783Z","2026-10-08_170938_37814377293_1_3617b6eeb37d43feaa243fecfea3c139",2026020058,"2026-10-08","2026-10-08T23:00:00Z","FUT","Predators","2026-10-08T17:10:59.516Z","https://www.nhl.com/news/nhl-lineup-projections-2026-27-season","2026-10-08",1,"matched",TRUE,1,NA,NA,"backup",0,NA,NA
20262027,20262027,8,"MTL",8484170,"Jacob","Fowler","Jacob Fowler","G","current_roster",TRUE,"2026-10-08T17:10:59.784Z","2026-10-08_170938_37814377293_1_3617b6eeb37d43feaa243fecfea3c139",2026020058,"2026-10-08","2026-10-08T23:00:00Z","FUT","Predators","2026-10-08T17:10:59.516Z","https://www.nhl.com/news/nhl-lineup-projections-2026-27-season","2026-10-08",1,"matched",TRUE,1,NA,NA,"starter",0,NA,NA
20262027,20262027,8,"MTL",8478470,"Samuel","Montembeault","Samuel Montembeault","G","current_roster",TRUE,"2026-10-08T17:10:59.785Z","2026-10-08_170938_37814377293_1_3617b6eeb37d43feaa243fecfea3c139",2026020058,"2026-10-08","2026-10-08T23:00:00Z","FUT","Predators","2026-10-08T17:10:59.516Z","https://www.nhl.com/news/nhl-lineup-projections-2026-27-season","2026-10-08",1,"matched",TRUE,0,NA,NA,NA,0,NA,"undisclosed"
20262027,20262027,4,"PHI",8478569,"Noel","Acciari","Noel Acciari","F","current_roster",TRUE,"2026-10-08T17:11:00.310Z","2026-10-08_170938_37814377293_1_3617b6eeb37d43feaa243fecfea3c139",2026020059,"2026-10-08","2026-10-08T23:00:00Z","FUT","Senators","2026-10-08T17:10:59.516Z","https://www.nhl.com/news/nhl-lineup-projections-2026-27-season","2026-10-08",1,"matched",TRUE,1,4,NA,NA,0,0,NA
20262027,20262027,4,"PHI",8484142,"Denver","Barkey","Denver Barkey","F","current_roster",TRUE,"2026-10-08T17:11:00.311Z","2026-10-08_170938_37814377293_1_3617b6eeb37d43feaa243fecfea3c139",2026020059,"2026-10-08","2026-10-08T23:00:00Z","FUT","Senators","2026-10-08T17:10:59.516Z","https://www.nhl.com/news/nhl-lineup-projections-2026-27-season","2026-10-08",1,"matched",TRUE,1,3,NA,NA,0,0,NA
20262027,20262027,4,"PHI",8478047,"Michael","Bunting","Michael Bunting","F","current_roster",TRUE,"2026-10-08T17:11:00.312Z","2026-10-08_170938_37814377293_1_3617b6eeb37d43feaa243fecfea3c139",2026020059,"2026-10-08","2026-10-08T23:00:00Z","FUT","Senators","2026-10-08T17:10:59.516Z","https://www.nhl.com/news/nhl-lineup-projections-2026-27-season","2026-10-08",1,"matched",TRUE,1,4,NA,NA,0,0,NA
20262027,20262027,4,"PHI",8480220,"Noah","Cates","Noah Cates","F","current_roster",TRUE,"2026-10-08T17:11:00.313Z","2026-10-08_170938_37814377293_1_3617b6eeb37d43feaa243fecfea3c139",2026020059,"2026-10-08","2026-10-08T23:00:00Z","FUT","Senators","2026-10-08T17:10:59.516Z","https://www.nhl.com/news/nhl-lineup-projections-2026-27-season","2026-10-08",1,"matched",TRUE,1,4,NA,NA,0,0,NA
20262027,20262027,4,"PHI",8476461,"Sean","Couturier","Sean Couturier","F","current_roster",TRUE,"2026-10-08T17:11:00.314Z","2026-10-08_170938_37814377293_1_3617b6eeb37d43feaa243fecfea3c139",2026020059,"2026-10-08","2026-10-08T23:00:00Z","FUT","Senators","2026-10-08T17:10:59.516Z","https://www.nhl.com/news/nhl-lineup-projections-2026-27-season","2026-10-08",1,"matched",TRUE,1,1,NA,NA,0,0,NA
20262027,20262027,4,"PHI",8477989,"Christian","Dvorak","Christian Dvorak","F","current_roster",TRUE,"2026-10-08T17:11:00.315Z","2026-10-08_170938_37814377293_1_3617b6eeb37d43feaa243fecfea3c139",2026020059,"2026-10-08","2026-10-08T23:00:00Z","FUT","Senators","2026-10-08T17:10:59.516Z","https://www.nhl.com/news/nhl-lineup-projections-2026-27-season","2026-10-08",1,"matched",TRUE,1,2,NA,NA,0,0,NA
20262027,20262027,4,"PHI",8482159,"Tyson","Foerster","Tyson Foerster","F","current_roster",TRUE,"2026-10-08T17:11:00.316Z","2026-10-08_170938_37814377293_1_3617b6eeb37d43feaa243fecfea3c139",2026020059,"2026-10-08","2026-10-08T23:00:00Z","FUT","Senators","2026-10-08T17:10:59.516Z","https://www.nhl.com/news/nhl-lineup-projections-2026-27-season","2026-10-08",1,"matched",TRUE,1,3,NA,NA,0,0,NA
20262027,20262027,4,"PHI",8483733,"Nikita","Grebenkin","Nikita Grebenkin","F","current_roster",TRUE,"2026-10-08T17:11:00.317Z","2026-10-08_170938_37814377293_1_3617b6eeb37d43feaa243fecfea3c139",2026020059,"2026-10-08","2026-10-08T23:00:00Z","FUT","Senators","2026-10-08T17:10:59.516Z","https://www.nhl.com/news/nhl-lineup-projections-2026-27-season","2026-10-08",1,"matched",TRUE,0,NA,NA,NA,0,1,"upper body"
20262027,20262027,4,"PHI",8479336,"Carl","Grundstrom","Carl Grundstrom","F","current_roster",TRUE,"2026-10-08T17:11:00.318Z","2026-10-08_170938_37814377293_1_3617b6eeb37d43feaa243fecfea3c139",2026020059,"2026-10-08","2026-10-08T23:00:00Z","FUT","Senators","2026-10-08T17:10:59.516Z","https://www.nhl.com/news/nhl-lineup-projections-2026-27-season","2026-10-08",1,"matched",TRUE,0,NA,NA,NA,1,0,NA
20262027,20262027,4,"PHI",8478439,"Travis","Konecny","Travis Konecny","F","current_roster",TRUE,"2026-10-08T17:11:00.319Z","2026-10-08_170938_37814377293_1_3617b6eeb37d43feaa243fecfea3c139",2026020059,"2026-10-08","2026-10-08T23:00:00Z","FUT","Senators","2026-10-08T17:10:59.516Z","https://www.nhl.com/news/nhl-lineup-projections-2026-27-season","2026-10-08",1,"matched",TRUE,1,1,NA,NA,0,0,NA
20262027,20262027,4,"PHI",8485406,"Porter","Martone","Porter Martone","F","current_roster",TRUE,"2026-10-08T17:11:00.320Z","2026-10-08_170938_37814377293_1_3617b6eeb37d43feaa243fecfea3c139",2026020059,"2026-10-08","2026-10-08T23:00:00Z","FUT","Senators","2026-10-08T17:10:59.516Z","https://www.nhl.com/news/nhl-lineup-projections-2026-27-season","2026-10-08",1,"matched",TRUE,1,1,NA,NA,0,0,NA
20262027,20262027,4,"PHI",8484387,"Matvei","Michkov","Matvei Michkov","F","current_roster",TRUE,"2026-10-08T17:11:00.321Z","2026-10-08_170938_37814377293_1_3617b6eeb37d43feaa243fecfea3c139",2026020059,"2026-10-08","2026-10-08T23:00:00Z","FUT","Senators","2026-10-08T17:10:59.516Z","https://www.nhl.com/news/nhl-lineup-projections-2026-27-season","2026-10-08",1,"matched",TRUE,1,3,NA,NA,0,0,NA
20262027,20262027,4,"PHI",8480015,"Owen","Tippett","Owen Tippett","F","current_roster",TRUE,"2026-10-08T17:11:00.322Z","2026-10-08_170938_37814377293_1_3617b6eeb37d43feaa243fecfea3c139",2026020059,"2026-10-08","2026-10-08T23:00:00Z","FUT","Senators","2026-10-08T17:10:59.516Z","https://www.nhl.com/news/nhl-lineup-projections-2026-27-season","2026-10-08",1,"matched",TRUE,1,2,NA,NA,0,0,NA
20262027,20262027,4,"PHI",8475253,"Garrett","Wilson","Garrett Wilson","F","current_roster",TRUE,"2026-10-08T17:11:00.323Z","2026-10-08_170938_37814377293_1_3617b6eeb37d43feaa243fecfea3c139",2026020059,"2026-10-08","2026-10-08T23:00:00Z","FUT","Senators","2026-10-08T17:10:59.516Z","https://www.nhl.com/news/nhl-lineup-projections-2026-27-season","2026-10-08",1,"matched",TRUE,0,NA,NA,NA,1,0,NA
20262027,20262027,4,"PHI",8481533,"Trevor","Zegras","Trevor Zegras","F","current_roster",TRUE,"2026-10-08T17:11:00.323Z","2026-10-08_170938_37814377293_1_3617b6eeb37d43feaa243fecfea3c139",2026020059,"2026-10-08","2026-10-08T23:00:00Z","FUT","Senators","2026-10-08T17:10:59.516Z","https://www.nhl.com/news/nhl-lineup-projections-2026-27-season","2026-10-08",1,"matched",TRUE,1,2,NA,NA,0,0,NA
20262027,20262027,4,"PHI",8481122,"Simon","Benoit","Simon Benoit","D","current_roster",TRUE,"2026-10-08T17:11:00.325Z","2026-10-08_170938_37814377293_1_3617b6eeb37d43feaa243fecfea3c139",2026020059,"2026-10-08","2026-10-08T23:00:00Z","FUT","Senators","2026-10-08T17:10:59.516Z","https://www.nhl.com/news/nhl-lineup-projections-2026-27-season","2026-10-08",1,"matched",TRUE,1,NA,3,NA,0,0,NA
20262027,20262027,4,"PHI",8482142,"Jamie","Drysdale","Jamie Drysdale","D","current_roster",TRUE,"2026-10-08T17:11:00.326Z","2026-10-08_170938_37814377293_1_3617b6eeb37d43feaa243fecfea3c139",2026020059,"2026-10-08","2026-10-08T23:00:00Z","FUT","Senators","2026-10-08T17:10:59.516Z","https://www.nhl.com/news/nhl-lineup-projections-2026-27-season","2026-10-08",1,"matched",TRUE,1,NA,1,NA,0,0,NA
20262027,20262027,4,"PHI",8483460,"David","Jiricek","David Jiricek","D","current_roster",TRUE,"2026-10-08T17:11:00.327Z","2026-10-08_170938_37814377293_1_3617b6eeb37d43feaa243fecfea3c139",2026020059,"2026-10-08","2026-10-08T23:00:00Z","FUT","Senators","2026-10-08T17:10:59.516Z","https://www.nhl.com/news/nhl-lineup-projections-2026-27-season","2026-10-08",1,"matched",TRUE,1,NA,2,NA,0,0,NA
20262027,20262027,4,"PHI",8477499,"Rasmus","Ristolainen","Rasmus Ristolainen","D","current_roster",TRUE,"2026-10-08T17:11:00.328Z","2026-10-08_170938_37814377293_1_3617b6eeb37d43feaa243fecfea3c139",2026020059,"2026-10-08","2026-10-08T23:00:00Z","FUT","Senators","2026-10-08T17:10:59.516Z","https://www.nhl.com/news/nhl-lineup-projections-2026-27-season","2026-10-08",1,"matched",TRUE,0,NA,NA,NA,0,1,"undisclosed"
20262027,20262027,4,"PHI",8477948,"Travis","Sanheim","Travis Sanheim","D","current_roster",TRUE,"2026-10-08T17:11:00.328Z","2026-10-08_170938_37814377293_1_3617b6eeb37d43feaa243fecfea3c139",2026020059,"2026-10-08","2026-10-08T23:00:00Z","FUT","Senators","2026-10-08T17:10:59.516Z","https://www.nhl.com/news/nhl-lineup-projections-2026-27-season","2026-10-08",1,"matched",TRUE,1,NA,1,NA,0,0,NA
20262027,20262027,4,"PHI",8476372,"Nick","Seeler","Nick Seeler","D","current_roster",TRUE,"2026-10-08T17:11:00.329Z","2026-10-08_170938_37814377293_1_3617b6eeb37d43feaa243fecfea3c139",2026020059,"2026-10-08","2026-10-08T23:00:00Z","FUT","Senators","2026-10-08T17:10:59.516Z","https://www.nhl.com/news/nhl-lineup-projections-2026-27-season","2026-10-08",1,"matched",TRUE,1,NA,3,NA,0,0,NA
20262027,20262027,4,"PHI",8481546,"Cam","York","Cam York","D","current_roster",TRUE,"2026-10-08T17:11:00.330Z","2026-10-08_170938_37814377293_1_3617b6eeb37d43feaa243fecfea3c139",2026020059,"2026-10-08","2026-10-08T23:00:00Z","FUT","Senators","2026-10-08T17:10:59.516Z","https://www.nhl.com/news/nhl-lineup-projections-2026-27-season","2026-10-08",1,"matched",TRUE,1,NA,2,NA,0,0,NA
20262027,20262027,4,"PHI",8478435,"Dan","Vladar","Dan Vladar","G","current_roster",TRUE,"2026-10-08T17:11:00.331Z","2026-10-08_170938_37814377293_1_3617b6eeb37d43feaa243fecfea3c139",2026020059,"2026-10-08","2026-10-08T23:00:00Z","FUT","Senators","2026-10-08T17:10:59.516Z","https://www.nhl.com/news/nhl-lineup-projections-2026-27-season","2026-10-08",1,"matched",TRUE,1,NA,NA,"backup",0,0,NA
20262027,20262027,4,"PHI",8479361,"Joseph","Woll","Joseph Woll","G","current_roster",TRUE,"2026-10-08T17:11:00.332Z","2026-10-08_170938_37814377293_1_3617b6eeb37d43feaa243fecfea3c139",2026020059,"2026-10-08","2026-10-08T23:00:00Z","FUT","Senators","2026-10-08T17:10:59.516Z","https://www.nhl.com/news/nhl-lineup-projections-2026-27-season","2026-10-08",1,"matched",TRUE,1,NA,NA,"starter",0,0,NA
20262027,20262027,9,"OTT",8478020,"Michael","Amadio","Michael Amadio","F","current_roster",TRUE,"2026-10-08T17:10:59.965Z","2026-10-08_170938_37814377293_1_3617b6eeb37d43feaa243fecfea3c139",2026020059,"2026-10-08","2026-10-08T23:00:00Z","FUT","Flyers","2026-10-08T17:10:59.516Z","https://www.nhl.com/news/nhl-lineup-projections-2026-27-season","2026-10-08",1,"matched",TRUE,1,3,NA,NA,0,NA,NA
20262027,20262027,9,"OTT",8480208,"Drake","Batherson","Drake Batherson","F","current_roster",TRUE,"2026-10-08T17:10:59.966Z","2026-10-08_170938_37814377293_1_3617b6eeb37d43feaa243fecfea3c139",2026020059,"2026-10-08","2026-10-08T23:00:00Z","FUT","Flyers","2026-10-08T17:10:59.516Z","https://www.nhl.com/news/nhl-lineup-projections-2026-27-season","2026-10-08",1,"matched",TRUE,1,1,NA,NA,0,NA,NA
20262027,20262027,9,"OTT",8477444,"Andre","Burakovsky","Andre Burakovsky","F","current_roster",TRUE,"2026-10-08T17:10:59.969Z","2026-10-08_170938_37814377293_1_3617b6eeb37d43feaa243fecfea3c139",2026020059,"2026-10-08","2026-10-08T23:00:00Z","FUT","Flyers","2026-10-08T17:10:59.516Z","https://www.nhl.com/news/nhl-lineup-projections-2026-27-season","2026-10-08",1,"matched",TRUE,0,NA,NA,NA,0,NA,"upper body"
20262027,20262027,9,"OTT",8476393,"Nick","Cousins","Nick Cousins","F","current_roster",TRUE,"2026-10-08T17:10:59.970Z","2026-10-08_170938_37814377293_1_3617b6eeb37d43feaa243fecfea3c139",2026020059,"2026-10-08","2026-10-08T23:00:00Z","FUT","Flyers","2026-10-08T17:10:59.516Z","https://www.nhl.com/news/nhl-lineup-projections-2026-27-season","2026-10-08",1,"matched",TRUE,1,4,NA,NA,0,NA,NA
20262027,20262027,9,"OTT",8481528,"Dylan","Cozens","Dylan Cozens","F","current_roster",TRUE,"2026-10-08T17:10:59.971Z","2026-10-08_170938_37814377293_1_3617b6eeb37d43feaa243fecfea3c139",2026020059,"2026-10-08","2026-10-08T23:00:00Z","FUT","Flyers","2026-10-08T17:10:59.516Z","https://www.nhl.com/news/nhl-lineup-projections-2026-27-season","2026-10-08",1,"matched",TRUE,1,2,NA,NA,0,NA,NA
20262027,20262027,9,"OTT",8482667,"William","Eklund","William Eklund","F","current_roster",TRUE,"2026-10-08T17:10:59.972Z","2026-10-08_170938_37814377293_1_3617b6eeb37d43feaa243fecfea3c139",2026020059,"2026-10-08","2026-10-08T23:00:00Z","FUT","Flyers","2026-10-08T17:10:59.516Z","https://www.nhl.com/news/nhl-lineup-projections-2026-27-season","2026-10-08",1,"matched",TRUE,1,1,NA,NA,0,NA,NA
20262027,20262027,9,"OTT",8477998,"Warren","Foegele","Warren Foegele","F","current_roster",TRUE,"2026-10-08T17:10:59.973Z","2026-10-08_170938_37814377293_1_3617b6eeb37d43feaa243fecfea3c139",2026020059,"2026-10-08","2026-10-08T23:00:00Z","FUT","Flyers","2026-10-08T17:10:59.516Z","https://www.nhl.com/news/nhl-lineup-projections-2026-27-season","2026-10-08",1,"matched",TRUE,1,4,NA,NA,0,NA,NA
20262027,20262027,9,"OTT",8473512,"Claude","Giroux","Claude Giroux","F","current_roster",TRUE,"2026-10-08T17:10:59.974Z","2026-10-08_170938_37814377293_1_3617b6eeb37d43feaa243fecfea3c139",2026020059,"2026-10-08","2026-10-08T23:00:00Z","FUT","Flyers","2026-10-08T17:10:59.516Z","https://www.nhl.com/news/nhl-lineup-projections-2026-27-season","2026-10-08",1,"matched",TRUE,1,3,NA,NA,0,NA,NA
20262027,20262027,9,"OTT",8482092,"Ridly","Greig","Ridly Greig","F","current_roster",TRUE,"2026-10-08T17:10:59.975Z","2026-10-08_170938_37814377293_1_3617b6eeb37d43feaa243fecfea3c139",2026020059,"2026-10-08","2026-10-08T23:00:00Z","FUT","Flyers","2026-10-08T17:10:59.516Z","https://www.nhl.com/news/nhl-lineup-projections-2026-27-season","2026-10-08",1,"matched",TRUE,1,2,NA,NA,0,NA,NA
20262027,20262027,9,"OTT",8483676,"Stephen","Halliday","Stephen Halliday","F","current_roster",TRUE,"2026-10-08T17:10:59.976Z","2026-10-08_170938_37814377293_1_3617b6eeb37d43feaa243fecfea3c139",2026020059,"2026-10-08","2026-10-08T23:00:00Z","FUT","Flyers","2026-10-08T17:10:59.516Z","https://www.nhl.com/news/nhl-lineup-projections-2026-27-season","2026-10-08",1,"matched",TRUE,1,4,NA,NA,0,NA,NA
20262027,20262027,9,"OTT",8478173,"Hayden","Hodgson","Hayden Hodgson","F","current_roster",TRUE,"2026-10-08T17:10:59.977Z","2026-10-08_170938_37814377293_1_3617b6eeb37d43feaa243fecfea3c139",2026020059,"2026-10-08","2026-10-08T23:00:00Z","FUT","Flyers","2026-10-08T17:10:59.516Z","https://www.nhl.com/news/nhl-lineup-projections-2026-27-season","2026-10-08",1,"matched",TRUE,0,NA,NA,NA,1,NA,NA
20262027,20262027,9,"OTT",8481596,"Shane","Pinto","Shane Pinto","F","current_roster",TRUE,"2026-10-08T17:10:59.978Z","2026-10-08_170938_37814377293_1_3617b6eeb37d43feaa243fecfea3c139",2026020059,"2026-10-08","2026-10-08T23:00:00Z","FUT","Flyers","2026-10-08T17:10:59.516Z","https://www.nhl.com/news/nhl-lineup-projections-2026-27-season","2026-10-08",1,"matched",TRUE,1,3,NA,NA,0,NA,NA
20262027,20262027,9,"OTT",8482116,"Tim","Stützle","Tim Stützle","F","current_roster",TRUE,"2026-10-08T17:10:59.979Z","2026-10-08_170938_37814377293_1_3617b6eeb37d43feaa243fecfea3c139",2026020059,"2026-10-08","2026-10-08T23:00:00Z","FUT","Flyers","2026-10-08T17:10:59.516Z","https://www.nhl.com/news/nhl-lineup-projections-2026-27-season","2026-10-08",1,"matched",TRUE,1,1,NA,NA,0,NA,NA
20262027,20262027,9,"OTT",8480188,"Fabian","Zetterlund","Fabian Zetterlund","F","current_roster",TRUE,"2026-10-08T17:10:59.980Z","2026-10-08_170938_37814377293_1_3617b6eeb37d43feaa243fecfea3c139",2026020059,"2026-10-08","2026-10-08T23:00:00Z","FUT","Flyers","2026-10-08T17:10:59.516Z","https://www.nhl.com/news/nhl-lineup-projections-2026-27-season","2026-10-08",1,"matched",TRUE,1,2,NA,NA,0,NA,NA
20262027,20262027,9,"OTT",8478469,"Thomas","Chabot","Thomas Chabot","D","current_roster",TRUE,"2026-10-08T17:10:59.981Z","2026-10-08_170938_37814377293_1_3617b6eeb37d43feaa243fecfea3c139",2026020059,"2026-10-08","2026-10-08T23:00:00Z","FUT","Flyers","2026-10-08T17:10:59.516Z","https://www.nhl.com/news/nhl-lineup-projections-2026-27-season","2026-10-08",1,"matched",TRUE,1,NA,1,NA,0,NA,NA
20262027,20262027,9,"OTT",8480075,"Cameron","Crotty","Cameron Crotty","D","current_roster",TRUE,"2026-10-08T17:10:59.982Z","2026-10-08_170938_37814377293_1_3617b6eeb37d43feaa243fecfea3c139",2026020059,"2026-10-08","2026-10-08T23:00:00Z","FUT","Flyers","2026-10-08T17:10:59.516Z","https://www.nhl.com/news/nhl-lineup-projections-2026-27-season","2026-10-08",1,"matched",TRUE,1,NA,3,NA,0,NA,NA
20262027,20262027,9,"OTT",8482095,"Tyler","Kleven","Tyler Kleven","D","current_roster",TRUE,"2026-10-08T17:10:59.983Z","2026-10-08_170938_37814377293_1_3617b6eeb37d43feaa243fecfea3c139",2026020059,"2026-10-08","2026-10-08T23:00:00Z","FUT","Flyers","2026-10-08T17:10:59.516Z","https://www.nhl.com/news/nhl-lineup-projections-2026-27-season","2026-10-08",1,"matched",TRUE,1,NA,2,NA,0,NA,NA
20262027,20262027,9,"OTT",8484321,"Nikolas","Matinpalo","Nikolas Matinpalo","D","current_roster",TRUE,"2026-10-08T17:10:59.984Z","2026-10-08_170938_37814377293_1_3617b6eeb37d43feaa243fecfea3c139",2026020059,"2026-10-08","2026-10-08T23:00:00Z","FUT","Flyers","2026-10-08T17:10:59.516Z","https://www.nhl.com/news/nhl-lineup-projections-2026-27-season","2026-10-08",1,"matched",TRUE,1,NA,3,NA,0,NA,NA
20262027,20262027,9,"OTT",8482105,"Jake","Sanderson","Jake Sanderson","D","current_roster",TRUE,"2026-10-08T17:10:59.985Z","2026-10-08_170938_37814377293_1_3617b6eeb37d43feaa243fecfea3c139",2026020059,"2026-10-08","2026-10-08T23:00:00Z","FUT","Flyers","2026-10-08T17:10:59.516Z","https://www.nhl.com/news/nhl-lineup-projections-2026-27-season","2026-10-08",1,"matched",TRUE,0,NA,NA,NA,0,NA,"undisclosed"
20262027,20262027,9,"OTT",8481606,"Jordan","Spence","Jordan Spence","D","current_roster",TRUE,"2026-10-08T17:10:59.986Z","2026-10-08_170938_37814377293_1_3617b6eeb37d43feaa243fecfea3c139",2026020059,"2026-10-08","2026-10-08T23:00:00Z","FUT","Flyers","2026-10-08T17:10:59.516Z","https://www.nhl.com/news/nhl-lineup-projections-2026-27-season","2026-10-08",1,"matched",TRUE,1,NA,1,NA,0,NA,NA
20262027,20262027,9,"OTT",8484759,"Carter","Yakemchuk","Carter Yakemchuk","D","current_roster",TRUE,"2026-10-08T17:10:59.987Z","2026-10-08_170938_37814377293_1_3617b6eeb37d43feaa243fecfea3c139",2026020059,"2026-10-08","2026-10-08T23:00:00Z","FUT","Flyers","2026-10-08T17:10:59.516Z","https://www.nhl.com/news/nhl-lineup-projections-2026-27-season","2026-10-08",1,"matched",TRUE,1,NA,2,NA,0,NA,NA
20262027,20262027,9,"OTT",8481035,"Samuel","Ersson","Samuel Ersson","G","current_roster",TRUE,"2026-10-08T17:10:59.988Z","2026-10-08_170938_37814377293_1_3617b6eeb37d43feaa243fecfea3c139",2026020059,"2026-10-08","2026-10-08T23:00:00Z","FUT","Flyers","2026-10-08T17:10:59.516Z","https://www.nhl.com/news/nhl-lineup-projections-2026-27-season","2026-10-08",1,"matched",TRUE,1,NA,NA,"backup",0,NA,NA
20262027,20262027,9,"OTT",8476999,"Linus","Ullmark","Linus Ullmark","G","current_roster",TRUE,"2026-10-08T17:10:59.989Z","2026-10-08_170938_37814377293_1_3617b6eeb37d43feaa243fecfea3c139",2026020059,"2026-10-08","2026-10-08T23:00:00Z","FUT","Flyers","2026-10-08T17:10:59.516Z","https://www.nhl.com/news/nhl-lineup-projections-2026-27-season","2026-10-08",1,"matched",TRUE,1,NA,NA,"starter",0,NA,NA
