"observation_id","game_id","teamId","team_abbrev","game_date","retrieved_at","startTimeUTC","article_date","source_url","projection_status","eligible_for_backtest","raw_name","section","group","slot","injury_detail","playerId","match_method","position","forward_line","defense_pairs","issue"
"2026-10-08_170938_37814377293_1_3617b6eeb37d43feaa243fecfea3c139",2026020056,68,"UTA","2026-10-08","2026-10-08T17:10:59.516Z","2026-10-08T23:00:00Z","2026-10-08","https://www.nhl.com/news/nhl-lineup-projections-2026-27-season","matched",TRUE,"Clayton Keller","skater",1,1,NA,8479343,"exact_normalized","F",1,NA,NA
"2026-10-08_170938_37814377293_1_3617b6eeb37d43feaa243fecfea3c139",2026020056,68,"UTA","2026-10-08","2026-10-08T17:10:59.516Z","2026-10-08T23:00:00Z","2026-10-08","https://www.nhl.com/news/nhl-lineup-projections-2026-27-season","matched",TRUE,"Nick Schmaltz","skater",1,2,NA,8477951,"exact_normalized","F",1,NA,NA
"2026-10-08_170938_37814377293_1_3617b6eeb37d43feaa243fecfea3c139",2026020056,68,"UTA","2026-10-08","2026-10-08T17:10:59.516Z","2026-10-08T23:00:00Z","2026-10-08","https://www.nhl.com/news/nhl-lineup-projections-2026-27-season","matched",TRUE,"Vincent Trocheck","skater",1,3,NA,8476389,"exact_normalized","F",1,NA,NA
"2026-10-08_170938_37814377293_1_3617b6eeb37d43feaa243fecfea3c139",2026020056,68,"UTA","2026-10-08","2026-10-08T17:10:59.516Z","2026-10-08T23:00:00Z","2026-10-08","https://www.nhl.com/news/nhl-lineup-projections-2026-27-season","matched",TRUE,"Anders Lee","skater",2,1,NA,8475314,"exact_normalized","F",2,NA,NA
"2026-10-08_170938_37814377293_1_3617b6eeb37d43feaa243fecfea3c139",2026020056,68,"UTA","2026-10-08","2026-10-08T17:10:59.516Z","2026-10-08T23:00:00Z","2026-10-08","https://www.nhl.com/news/nhl-lineup-projections-2026-27-season","matched",TRUE,"Logan Cooley","skater",2,2,NA,8483431,"exact_normalized","F",2,NA,NA
"2026-10-08_170938_37814377293_1_3617b6eeb37d43feaa243fecfea3c139",2026020056,68,"UTA","2026-10-08","2026-10-08T17:10:59.516Z","2026-10-08T23:00:00Z","2026-10-08","https://www.nhl.com/news/nhl-lineup-projections-2026-27-season","matched",TRUE,"Dylan Guenther","skater",2,3,NA,8482699,"exact_normalized","F",2,NA,NA
"2026-10-08_170938_37814377293_1_3617b6eeb37d43feaa243fecfea3c139",2026020056,68,"UTA","2026-10-08","2026-10-08T17:10:59.516Z","2026-10-08T23:00:00Z","2026-10-08","https://www.nhl.com/news/nhl-lineup-projections-2026-27-season","matched",TRUE,"Lawson Crouse","skater",3,1,NA,8478474,"exact_normalized","F",3,NA,NA
"2026-10-08_170938_37814377293_1_3617b6eeb37d43feaa243fecfea3c139",2026020056,68,"UTA","2026-10-08","2026-10-08T17:10:59.516Z","2026-10-08T23:00:00Z","2026-10-08","https://www.nhl.com/news/nhl-lineup-projections-2026-27-season","matched",TRUE,"Barrett Hayton","skater",3,2,NA,8480849,"exact_normalized","F",3,NA,NA
"2026-10-08_170938_37814377293_1_3617b6eeb37d43feaa243fecfea3c139",2026020056,68,"UTA","2026-10-08","2026-10-08T17:10:59.516Z","2026-10-08T23:00:00Z","2026-10-08","https://www.nhl.com/news/nhl-lineup-projections-2026-27-season","matched",TRUE,"Jack McBain","skater",3,3,NA,8480855,"exact_normalized","F",3,NA,NA
"2026-10-08_170938_37814377293_1_3617b6eeb37d43feaa243fecfea3c139",2026020056,68,"UTA","2026-10-08","2026-10-08T17:10:59.516Z","2026-10-08T23:00:00Z","2026-10-08","https://www.nhl.com/news/nhl-lineup-projections-2026-27-season","matched",TRUE,"Daniil But","skater",4,1,NA,8484388,"exact_normalized","F",4,NA,NA
"2026-10-08_170938_37814377293_1_3617b6eeb37d43feaa243fecfea3c139",2026020056,68,"UTA","2026-10-08","2026-10-08T17:10:59.516Z","2026-10-08T23:00:00Z","2026-10-08","https://www.nhl.com/news/nhl-lineup-projections-2026-27-season","matched",TRUE,"Kevin Stenlund","skater",4,2,NA,8478831,"exact_normalized","F",4,NA,NA
"2026-10-08_170938_37814377293_1_3617b6eeb37d43feaa243fecfea3c139",2026020056,68,"UTA","2026-10-08","2026-10-08T17:10:59.516Z","2026-10-08T23:00:00Z","2026-10-08","https://www.nhl.com/news/nhl-lineup-projections-2026-27-season","matched",TRUE,"Michael Carcone","skater",4,3,NA,8479619,"exact_normalized","F",4,NA,NA
"2026-10-08_170938_37814377293_1_3617b6eeb37d43feaa243fecfea3c139",2026020056,68,"UTA","2026-10-08","2026-10-08T17:10:59.516Z","2026-10-08T23:00:00Z","2026-10-08","https://www.nhl.com/news/nhl-lineup-projections-2026-27-season","matched",TRUE,"Mikhail Sergachev","skater",5,1,NA,8479410,"exact_normalized","D",NA,1,NA
"2026-10-08_170938_37814377293_1_3617b6eeb37d43feaa243fecfea3c139",2026020056,68,"UTA","2026-10-08","2026-10-08T17:10:59.516Z","2026-10-08T23:00:00Z","2026-10-08","https://www.nhl.com/news/nhl-lineup-projections-2026-27-season","matched",TRUE,"Mackenzie Weegar","skater",5,2,NA,8477346,"exact_normalized","D",NA,1,NA
"2026-10-08_170938_37814377293_1_3617b6eeb37d43feaa243fecfea3c139",2026020056,68,"UTA","2026-10-08","2026-10-08T17:10:59.516Z","2026-10-08T23:00:00Z","2026-10-08","https://www.nhl.com/news/nhl-lineup-projections-2026-27-season","matched",TRUE,"Nate Schmidt","skater",6,1,NA,8477220,"exact_normalized","D",NA,2,NA
"2026-10-08_170938_37814377293_1_3617b6eeb37d43feaa243fecfea3c139",2026020056,68,"UTA","2026-10-08","2026-10-08T17:10:59.516Z","2026-10-08T23:00:00Z","2026-10-08","https://www.nhl.com/news/nhl-lineup-projections-2026-27-season","matched",TRUE,"John Marino","skater",6,2,NA,8478507,"exact_normalized","D",NA,2,NA
"2026-10-08_170938_37814377293_1_3617b6eeb37d43feaa243fecfea3c139",2026020056,68,"UTA","2026-10-08","2026-10-08T17:10:59.516Z","2026-10-08T23:00:00Z","2026-10-08","https://www.nhl.com/news/nhl-lineup-projections-2026-27-season","matched",TRUE,"Andrew Peeke","skater",7,1,NA,8479369,"exact_normalized","D",NA,3,NA
"2026-10-08_170938_37814377293_1_3617b6eeb37d43feaa243fecfea3c139",2026020056,68,"UTA","2026-10-08","2026-10-08T17:10:59.516Z","2026-10-08T23:00:00Z","2026-10-08","https://www.nhl.com/news/nhl-lineup-projections-2026-27-season","matched",TRUE,"Dmitri Simashev","skater",7,2,NA,8484386,"exact_normalized","D",NA,3,NA
"2026-10-08_170938_37814377293_1_3617b6eeb37d43feaa243fecfea3c139",2026020056,68,"UTA","2026-10-08","2026-10-08T17:10:59.516Z","2026-10-08T23:00:00Z","2026-10-08","https://www.nhl.com/news/nhl-lineup-projections-2026-27-season","matched",TRUE,"Sebastian Cossa","starter",NA,NA,NA,8482657,"exact_normalized","G",NA,NA,NA
"2026-10-08_170938_37814377293_1_3617b6eeb37d43feaa243fecfea3c139",2026020056,68,"UTA","2026-10-08","2026-10-08T17:10:59.516Z","2026-10-08T23:00:00Z","2026-10-08","https://www.nhl.com/news/nhl-lineup-projections-2026-27-season","matched",TRUE,"Karel Vejmelka","backup",NA,NA,NA,8478872,"exact_normalized","G",NA,NA,NA
"2026-10-08_170938_37814377293_1_3617b6eeb37d43feaa243fecfea3c139",2026020056,68,"UTA","2026-10-08","2026-10-08T17:10:59.516Z","2026-10-08T23:00:00Z","2026-10-08","https://www.nhl.com/news/nhl-lineup-projections-2026-27-season","matched",TRUE,"Nick DeSimone","scratched",NA,NA,NA,8480084,"exact_normalized","D",NA,NA,NA
"2026-10-08_170938_37814377293_1_3617b6eeb37d43feaa243fecfea3c139",2026020056,68,"UTA","2026-10-08","2026-10-08T17:10:59.516Z","2026-10-08T23:00:00Z","2026-10-08","https://www.nhl.com/news/nhl-lineup-projections-2026-27-season","matched",TRUE,"Liam O’Brien","scratched",NA,NA,NA,8477070,"exact_normalized","F",NA,NA,NA
"2026-10-08_170938_37814377293_1_3617b6eeb37d43feaa243fecfea3c139",2026020056,68,"UTA","2026-10-08","2026-10-08T17:10:59.516Z","2026-10-08T23:00:00Z","2026-10-08","https://www.nhl.com/news/nhl-lineup-projections-2026-27-season","matched",TRUE,"Kailer Yamamoto","scratched",NA,NA,NA,8479977,"exact_normalized","F",NA,NA,NA
"2026-10-08_170938_37814377293_1_3617b6eeb37d43feaa243fecfea3c139",2026020056,68,"UTA","2026-10-08","2026-10-08T17:10:59.516Z","2026-10-08T23:00:00Z","2026-10-08","https://www.nhl.com/news/nhl-lineup-projections-2026-27-season","matched",TRUE,"Maveric Lamoureux","injured",NA,NA,"shoulder",8483472,"exact_normalized","D",NA,NA,NA
"2026-10-08_170938_37814377293_1_3617b6eeb37d43feaa243fecfea3c139",2026020056,6,"BOS","2026-10-08","2026-10-08T17:10:59.516Z","2026-10-08T23:00:00Z","2026-10-08","https://www.nhl.com/news/nhl-lineup-projections-2026-27-season","unexpected_lineup_structure",FALSE,"Morgan Geekie","skater",1,1,NA,8479987,"exact_normalized","F",NA,NA,NA
"2026-10-08_170938_37814377293_1_3617b6eeb37d43feaa243fecfea3c139",2026020056,6,"BOS","2026-10-08","2026-10-08T17:10:59.516Z","2026-10-08T23:00:00Z","2026-10-08","https://www.nhl.com/news/nhl-lineup-projections-2026-27-season","unexpected_lineup_structure",FALSE,"Pavel Zacha","skater",1,2,NA,8478401,"exact_normalized","F",NA,NA,NA
"2026-10-08_170938_37814377293_1_3617b6eeb37d43feaa243fecfea3c139",2026020056,6,"BOS","2026-10-08","2026-10-08T17:10:59.516Z","2026-10-08T23:00:00Z","2026-10-08","https://www.nhl.com/news/nhl-lineup-projections-2026-27-season","unexpected_lineup_structure",FALSE,"David Pastrnak","skater",1,3,NA,8477956,"exact_normalized","F",NA,NA,NA
"2026-10-08_170938_37814377293_1_3617b6eeb37d43feaa243fecfea3c139",2026020056,6,"BOS","2026-10-08","2026-10-08T17:10:59.516Z","2026-10-08T23:00:00Z","2026-10-08","https://www.nhl.com/news/nhl-lineup-projections-2026-27-season","unexpected_lineup_structure",FALSE,"Marat Khusnutdinov","skater",2,1,NA,8482177,"exact_normalized","F",NA,NA,NA
"2026-10-08_170938_37814377293_1_3617b6eeb37d43feaa243fecfea3c139",2026020056,6,"BOS","2026-10-08","2026-10-08T17:10:59.516Z","2026-10-08T23:00:00Z","2026-10-08","https://www.nhl.com/news/nhl-lineup-projections-2026-27-season","unexpected_lineup_structure",FALSE,"Fraser Minten","skater",2,2,NA,8483489,"exact_normalized","F",NA,NA,NA
"2026-10-08_170938_37814377293_1_3617b6eeb37d43feaa243fecfea3c139",2026020056,6,"BOS","2026-10-08","2026-10-08T17:10:59.516Z","2026-10-08T23:00:00Z","2026-10-08","https://www.nhl.com/news/nhl-lineup-projections-2026-27-season","unexpected_lineup_structure",FALSE,"JJ Peterka","skater",2,3,NA,8482175,"exact_normalized","F",NA,NA,NA
"2026-10-08_170938_37814377293_1_3617b6eeb37d43feaa243fecfea3c139",2026020056,6,"BOS","2026-10-08","2026-10-08T17:10:59.516Z","2026-10-08T23:00:00Z","2026-10-08","https://www.nhl.com/news/nhl-lineup-projections-2026-27-season","unexpected_lineup_structure",FALSE,"Casey Mittelstadt","skater",3,1,NA,8479999,"exact_normalized","F",NA,NA,NA
"2026-10-08_170938_37814377293_1_3617b6eeb37d43feaa243fecfea3c139",2026020056,6,"BOS","2026-10-08","2026-10-08T17:10:59.516Z","2026-10-08T23:00:00Z","2026-10-08","https://www.nhl.com/news/nhl-lineup-projections-2026-27-season","unexpected_lineup_structure",FALSE,"Elias Lindholm","skater",3,2,NA,8477496,"exact_normalized","F",NA,NA,NA
"2026-10-08_170938_37814377293_1_3617b6eeb37d43feaa243fecfea3c139",2026020056,6,"BOS","2026-10-08","2026-10-08T17:10:59.516Z","2026-10-08T23:00:00Z","2026-10-08","https://www.nhl.com/news/nhl-lineup-projections-2026-27-season","unexpected_lineup_structure",FALSE,"James Hagens","skater",3,3,NA,8485395,"exact_normalized","F",NA,NA,NA
"2026-10-08_170938_37814377293_1_3617b6eeb37d43feaa243fecfea3c139",2026020056,6,"BOS","2026-10-08","2026-10-08T17:10:59.516Z","2026-10-08T23:00:00Z","2026-10-08","https://www.nhl.com/news/nhl-lineup-projections-2026-27-season","unexpected_lineup_structure",FALSE,"Tanner Jeannot","skater",4,1,NA,8479661,"exact_normalized","F",NA,NA,NA
"2026-10-08_170938_37814377293_1_3617b6eeb37d43feaa243fecfea3c139",2026020056,6,"BOS","2026-10-08","2026-10-08T17:10:59.516Z","2026-10-08T23:00:00Z","2026-10-08","https://www.nhl.com/news/nhl-lineup-projections-2026-27-season","unexpected_lineup_structure",FALSE,"Matt Poitras","skater",4,2,NA,NA,"unmatched",NA,NA,NA,"unmatched"
"2026-10-08_170938_37814377293_1_3617b6eeb37d43feaa243fecfea3c139",2026020056,6,"BOS","2026-10-08","2026-10-08T17:10:59.516Z","2026-10-08T23:00:00Z","2026-10-08","https://www.nhl.com/news/nhl-lineup-projections-2026-27-season","unexpected_lineup_structure",FALSE,"Mark Kastelic","skater",4,3,NA,8480355,"exact_normalized","F",NA,NA,NA
"2026-10-08_170938_37814377293_1_3617b6eeb37d43feaa243fecfea3c139",2026020056,6,"BOS","2026-10-08","2026-10-08T17:10:59.516Z","2026-10-08T23:00:00Z","2026-10-08","https://www.nhl.com/news/nhl-lineup-projections-2026-27-season","unexpected_lineup_structure",FALSE,"Hampus Lindholm","skater",5,1,NA,8476854,"exact_normalized","D",NA,NA,NA
"2026-10-08_170938_37814377293_1_3617b6eeb37d43feaa243fecfea3c139",2026020056,6,"BOS","2026-10-08","2026-10-08T17:10:59.516Z","2026-10-08T23:00:00Z","2026-10-08","https://www.nhl.com/news/nhl-lineup-projections-2026-27-season","unexpected_lineup_structure",FALSE,"Will Borgen","skater",5,2,NA,8478840,"exact_normalized","D",NA,NA,NA
"2026-10-08_170938_37814377293_1_3617b6eeb37d43feaa243fecfea3c139",2026020056,6,"BOS","2026-10-08","2026-10-08T17:10:59.516Z","2026-10-08T23:00:00Z","2026-10-08","https://www.nhl.com/news/nhl-lineup-projections-2026-27-season","unexpected_lineup_structure",FALSE,"Nikita Zadorov","skater",6,1,NA,8477507,"exact_normalized","D",NA,NA,NA
"2026-10-08_170938_37814377293_1_3617b6eeb37d43feaa243fecfea3c139",2026020056,6,"BOS","2026-10-08","2026-10-08T17:10:59.516Z","2026-10-08T23:00:00Z","2026-10-08","https://www.nhl.com/news/nhl-lineup-projections-2026-27-season","unexpected_lineup_structure",FALSE,"Connor Clifton","skater",6,2,NA,8477365,"exact_normalized","D",NA,NA,NA
"2026-10-08_170938_37814377293_1_3617b6eeb37d43feaa243fecfea3c139",2026020056,6,"BOS","2026-10-08","2026-10-08T17:10:59.516Z","2026-10-08T23:00:00Z","2026-10-08","https://www.nhl.com/news/nhl-lineup-projections-2026-27-season","unexpected_lineup_structure",FALSE,"Frederic Brunet","skater",7,1,NA,8483017,"exact_normalized","D",NA,NA,NA
"2026-10-08_170938_37814377293_1_3617b6eeb37d43feaa243fecfea3c139",2026020056,6,"BOS","2026-10-08","2026-10-08T17:10:59.516Z","2026-10-08T23:00:00Z","2026-10-08","https://www.nhl.com/news/nhl-lineup-projections-2026-27-season","unexpected_lineup_structure",FALSE,"Mason Lohrei","skater",7,2,NA,8482511,"exact_normalized","D",NA,NA,NA
"2026-10-08_170938_37814377293_1_3617b6eeb37d43feaa243fecfea3c139",2026020056,6,"BOS","2026-10-08","2026-10-08T17:10:59.516Z","2026-10-08T23:00:00Z","2026-10-08","https://www.nhl.com/news/nhl-lineup-projections-2026-27-season","unexpected_lineup_structure",FALSE,"Jeremy Swayman","starter",NA,NA,NA,8480280,"exact_normalized","G",NA,NA,NA
"2026-10-08_170938_37814377293_1_3617b6eeb37d43feaa243fecfea3c139",2026020056,6,"BOS","2026-10-08","2026-10-08T17:10:59.516Z","2026-10-08T23:00:00Z","2026-10-08","https://www.nhl.com/news/nhl-lineup-projections-2026-27-season","unexpected_lineup_structure",FALSE,"Michael DiPietro","backup",NA,NA,NA,8480022,"exact_normalized","G",NA,NA,NA
"2026-10-08_170938_37814377293_1_3617b6eeb37d43feaa243fecfea3c139",2026020056,6,"BOS","2026-10-08","2026-10-08T17:10:59.516Z","2026-10-08T23:00:00Z","2026-10-08","https://www.nhl.com/news/nhl-lineup-projections-2026-27-season","unexpected_lineup_structure",FALSE,"Jonathan Aspirot","scratched",NA,NA,NA,8481219,"exact_normalized","D",NA,NA,NA
"2026-10-08_170938_37814377293_1_3617b6eeb37d43feaa243fecfea3c139",2026020056,6,"BOS","2026-10-08","2026-10-08T17:10:59.516Z","2026-10-08T23:00:00Z","2026-10-08","https://www.nhl.com/news/nhl-lineup-projections-2026-27-season","unexpected_lineup_structure",FALSE,"Sean Kuraly","scratched",NA,NA,NA,8476374,"exact_normalized","F",NA,NA,NA
"2026-10-08_170938_37814377293_1_3617b6eeb37d43feaa243fecfea3c139",2026020057,25,"DAL","2026-10-08","2026-10-08T17:10:59.516Z","2026-10-08T23:00:00Z","2026-10-08","https://www.nhl.com/news/nhl-lineup-projections-2026-27-season","matched",TRUE,"Jason Robertson","skater",1,1,NA,8480027,"exact_normalized","F",1,NA,NA
"2026-10-08_170938_37814377293_1_3617b6eeb37d43feaa243fecfea3c139",2026020057,25,"DAL","2026-10-08","2026-10-08T17:10:59.516Z","2026-10-08T23:00:00Z","2026-10-08","https://www.nhl.com/news/nhl-lineup-projections-2026-27-season","matched",TRUE,"Roope Hintz","skater",1,2,NA,8478449,"exact_normalized","F",1,NA,NA
"2026-10-08_170938_37814377293_1_3617b6eeb37d43feaa243fecfea3c139",2026020057,25,"DAL","2026-10-08","2026-10-08T17:10:59.516Z","2026-10-08T23:00:00Z","2026-10-08","https://www.nhl.com/news/nhl-lineup-projections-2026-27-season","matched",TRUE,"Jamie Benn","skater",1,3,NA,8473994,"exact_normalized","F",1,NA,NA
"2026-10-08_170938_37814377293_1_3617b6eeb37d43feaa243fecfea3c139",2026020057,25,"DAL","2026-10-08","2026-10-08T17:10:59.516Z","2026-10-08T23:00:00Z","2026-10-08","https://www.nhl.com/news/nhl-lineup-projections-2026-27-season","matched",TRUE,"Sam Steel","skater",2,1,NA,8479351,"exact_normalized","F",2,NA,NA
"2026-10-08_170938_37814377293_1_3617b6eeb37d43feaa243fecfea3c139",2026020057,25,"DAL","2026-10-08","2026-10-08T17:10:59.516Z","2026-10-08T23:00:00Z","2026-10-08","https://www.nhl.com/news/nhl-lineup-projections-2026-27-season","matched",TRUE,"Wyatt Johnston","skater",2,2,NA,8482740,"exact_normalized","F",2,NA,NA
"2026-10-08_170938_37814377293_1_3617b6eeb37d43feaa243fecfea3c139",2026020057,25,"DAL","2026-10-08","2026-10-08T17:10:59.516Z","2026-10-08T23:00:00Z","2026-10-08","https://www.nhl.com/news/nhl-lineup-projections-2026-27-season","matched",TRUE,"Mikko Rantanen","skater",2,3,NA,8478420,"exact_normalized","F",2,NA,NA
"2026-10-08_170938_37814377293_1_3617b6eeb37d43feaa243fecfea3c139",2026020057,25,"DAL","2026-10-08","2026-10-08T17:10:59.516Z","2026-10-08T23:00:00Z","2026-10-08","https://www.nhl.com/news/nhl-lineup-projections-2026-27-season","matched",TRUE,"Justin Hryckowian","skater",3,1,NA,8484829,"exact_normalized","F",3,NA,NA
"2026-10-08_170938_37814377293_1_3617b6eeb37d43feaa243fecfea3c139",2026020057,25,"DAL","2026-10-08","2026-10-08T17:10:59.516Z","2026-10-08T23:00:00Z","2026-10-08","https://www.nhl.com/news/nhl-lineup-projections-2026-27-season","matched",TRUE,"Arttu Hyry","skater",3,2,NA,8484938,"exact_normalized","F",3,NA,NA
"2026-10-08_170938_37814377293_1_3617b6eeb37d43feaa243fecfea3c139",2026020057,25,"DAL","2026-10-08","2026-10-08T17:10:59.516Z","2026-10-08T23:00:00Z","2026-10-08","https://www.nhl.com/news/nhl-lineup-projections-2026-27-season","matched",TRUE,"Tyler Seguin","skater",3,3,NA,8475794,"exact_normalized","F",3,NA,NA
"2026-10-08_170938_37814377293_1_3617b6eeb37d43feaa243fecfea3c139",2026020057,25,"DAL","2026-10-08","2026-10-08T17:10:59.516Z","2026-10-08T23:00:00Z","2026-10-08","https://www.nhl.com/news/nhl-lineup-projections-2026-27-season","matched",TRUE,"Oskar Back","skater",4,1,NA,8480840,"exact_normalized","F",4,NA,NA
"2026-10-08_170938_37814377293_1_3617b6eeb37d43feaa243fecfea3c139",2026020057,25,"DAL","2026-10-08","2026-10-08T17:10:59.516Z","2026-10-08T23:00:00Z","2026-10-08","https://www.nhl.com/news/nhl-lineup-projections-2026-27-season","matched",TRUE,"Radek Faksa","skater",4,2,NA,8476889,"exact_normalized","F",4,NA,NA
"2026-10-08_170938_37814377293_1_3617b6eeb37d43feaa243fecfea3c139",2026020057,25,"DAL","2026-10-08","2026-10-08T17:10:59.516Z","2026-10-08T23:00:00Z","2026-10-08","https://www.nhl.com/news/nhl-lineup-projections-2026-27-season","matched",TRUE,"Colin Blackwell","skater",4,3,NA,8476278,"exact_normalized","F",4,NA,NA
"2026-10-08_170938_37814377293_1_3617b6eeb37d43feaa243fecfea3c139",2026020057,25,"DAL","2026-10-08","2026-10-08T17:10:59.516Z","2026-10-08T23:00:00Z","2026-10-08","https://www.nhl.com/news/nhl-lineup-projections-2026-27-season","matched",TRUE,"Esa Lindell","skater",5,1,NA,8476902,"exact_normalized","D",NA,1,NA
"2026-10-08_170938_37814377293_1_3617b6eeb37d43feaa243fecfea3c139",2026020057,25,"DAL","2026-10-08","2026-10-08T17:10:59.516Z","2026-10-08T23:00:00Z","2026-10-08","https://www.nhl.com/news/nhl-lineup-projections-2026-27-season","matched",TRUE,"Miro Heiskanen","skater",5,2,NA,8480036,"exact_normalized","D",NA,1,NA
"2026-10-08_170938_37814377293_1_3617b6eeb37d43feaa243fecfea3c139",2026020057,25,"DAL","2026-10-08","2026-10-08T17:10:59.516Z","2026-10-08T23:00:00Z","2026-10-08","https://www.nhl.com/news/nhl-lineup-projections-2026-27-season","matched",TRUE,"Thomas Harley","skater",6,1,NA,8481581,"exact_normalized","D",NA,2,NA
"2026-10-08_170938_37814377293_1_3617b6eeb37d43feaa243fecfea3c139",2026020057,25,"DAL","2026-10-08","2026-10-08T17:10:59.516Z","2026-10-08T23:00:00Z","2026-10-08","https://www.nhl.com/news/nhl-lineup-projections-2026-27-season","matched",TRUE,"Nils Lundkvist","skater",6,2,NA,8480878,"exact_normalized","D",NA,2,NA
"2026-10-08_170938_37814377293_1_3617b6eeb37d43feaa243fecfea3c139",2026020057,25,"DAL","2026-10-08","2026-10-08T17:10:59.516Z","2026-10-08T23:00:00Z","2026-10-08","https://www.nhl.com/news/nhl-lineup-projections-2026-27-season","matched",TRUE,"Lian Bichsel","skater",7,1,NA,8483425,"exact_normalized","D",NA,3,NA
"2026-10-08_170938_37814377293_1_3617b6eeb37d43feaa243fecfea3c139",2026020057,25,"DAL","2026-10-08","2026-10-08T17:10:59.516Z","2026-10-08T23:00:00Z","2026-10-08","https://www.nhl.com/news/nhl-lineup-projections-2026-27-season","matched",TRUE,"Tyler Myers","skater",7,2,NA,8474574,"exact_normalized","D",NA,3,NA
"2026-10-08_170938_37814377293_1_3617b6eeb37d43feaa243fecfea3c139",2026020057,25,"DAL","2026-10-08","2026-10-08T17:10:59.516Z","2026-10-08T23:00:00Z","2026-10-08","https://www.nhl.com/news/nhl-lineup-projections-2026-27-season","matched",TRUE,"Jake Oettinger","starter",NA,NA,NA,8479979,"exact_normalized","G",NA,NA,NA
"2026-10-08_170938_37814377293_1_3617b6eeb37d43feaa243fecfea3c139",2026020057,25,"DAL","2026-10-08","2026-10-08T17:10:59.516Z","2026-10-08T23:00:00Z","2026-10-08","https://www.nhl.com/news/nhl-lineup-projections-2026-27-season","matched",TRUE,"Casey DeSmith","backup",NA,NA,NA,8479193,"exact_normalized","G",NA,NA,NA
"2026-10-08_170938_37814377293_1_3617b6eeb37d43feaa243fecfea3c139",2026020057,25,"DAL","2026-10-08","2026-10-08T17:10:59.516Z","2026-10-08T23:00:00Z","2026-10-08","https://www.nhl.com/news/nhl-lineup-projections-2026-27-season","matched",TRUE,"Kyle Capobianco","scratched",NA,NA,NA,8478476,"exact_normalized","D",NA,NA,NA
"2026-10-08_170938_37814377293_1_3617b6eeb37d43feaa243fecfea3c139",2026020057,25,"DAL","2026-10-08","2026-10-08T17:10:59.516Z","2026-10-08T23:00:00Z","2026-10-08","https://www.nhl.com/news/nhl-lineup-projections-2026-27-season","matched",TRUE,"Matt Duchene","injured",NA,NA,"lower body",8475168,"exact_normalized","F",NA,NA,NA
"2026-10-08_170938_37814377293_1_3617b6eeb37d43feaa243fecfea3c139",2026020057,25,"DAL","2026-10-08","2026-10-08T17:10:59.516Z","2026-10-08T23:00:00Z","2026-10-08","https://www.nhl.com/news/nhl-lineup-projections-2026-27-season","matched",TRUE,"Joel Kiviranta","injured",NA,NA,"lower body",8481641,"exact_normalized","F",NA,NA,NA
"2026-10-08_170938_37814377293_1_3617b6eeb37d43feaa243fecfea3c139",2026020057,7,"BUF","2026-10-08","2026-10-08T17:10:59.516Z","2026-10-08T23:00:00Z","2026-10-08","https://www.nhl.com/news/nhl-lineup-projections-2026-27-season","matched",TRUE,"Peyton Krebs","skater",1,1,NA,8481522,"exact_normalized","F",1,NA,NA
"2026-10-08_170938_37814377293_1_3617b6eeb37d43feaa243fecfea3c139",2026020057,7,"BUF","2026-10-08","2026-10-08T17:10:59.516Z","2026-10-08T23:00:00Z","2026-10-08","https://www.nhl.com/news/nhl-lineup-projections-2026-27-season","matched",TRUE,"Jiri Kulich","skater",1,2,NA,8483468,"exact_normalized","F",1,NA,NA
"2026-10-08_170938_37814377293_1_3617b6eeb37d43feaa243fecfea3c139",2026020057,7,"BUF","2026-10-08","2026-10-08T17:10:59.516Z","2026-10-08T23:00:00Z","2026-10-08","https://www.nhl.com/news/nhl-lineup-projections-2026-27-season","matched",TRUE,"Tage Thompson","skater",1,3,NA,8479420,"exact_normalized","F",1,NA,NA
"2026-10-08_170938_37814377293_1_3617b6eeb37d43feaa243fecfea3c139",2026020057,7,"BUF","2026-10-08","2026-10-08T17:10:59.516Z","2026-10-08T23:00:00Z","2026-10-08","https://www.nhl.com/news/nhl-lineup-projections-2026-27-season","matched",TRUE,"Zach Benson","skater",2,1,NA,8484145,"exact_normalized","F",2,NA,NA
"2026-10-08_170938_37814377293_1_3617b6eeb37d43feaa243fecfea3c139",2026020057,7,"BUF","2026-10-08","2026-10-08T17:10:59.516Z","2026-10-08T23:00:00Z","2026-10-08","https://www.nhl.com/news/nhl-lineup-projections-2026-27-season","matched",TRUE,"Noah Ostlund","skater",2,2,NA,8483500,"exact_normalized","F",2,NA,NA
"2026-10-08_170938_37814377293_1_3617b6eeb37d43feaa243fecfea3c139",2026020057,7,"BUF","2026-10-08","2026-10-08T17:10:59.516Z","2026-10-08T23:00:00Z","2026-10-08","https://www.nhl.com/news/nhl-lineup-projections-2026-27-season","matched",TRUE,"Jack Quinn","skater",2,3,NA,8482097,"exact_normalized","F",2,NA,NA
"2026-10-08_170938_37814377293_1_3617b6eeb37d43feaa243fecfea3c139",2026020057,7,"BUF","2026-10-08","2026-10-08T17:10:59.516Z","2026-10-08T23:00:00Z","2026-10-08","https://www.nhl.com/news/nhl-lineup-projections-2026-27-season","matched",TRUE,"Konsta Helenius","skater",3,1,NA,8484797,"exact_normalized","F",3,NA,NA
"2026-10-08_170938_37814377293_1_3617b6eeb37d43feaa243fecfea3c139",2026020057,7,"BUF","2026-10-08","2026-10-08T17:10:59.516Z","2026-10-08T23:00:00Z","2026-10-08","https://www.nhl.com/news/nhl-lineup-projections-2026-27-season","matched",TRUE,"Josh Norris","skater",3,2,NA,8480064,"exact_normalized","F",3,NA,NA
"2026-10-08_170938_37814377293_1_3617b6eeb37d43feaa243fecfea3c139",2026020057,7,"BUF","2026-10-08","2026-10-08T17:10:59.516Z","2026-10-08T23:00:00Z","2026-10-08","https://www.nhl.com/news/nhl-lineup-projections-2026-27-season","matched",TRUE,"Josh Doan","skater",3,3,NA,8482659,"exact_normalized","F",3,NA,NA
"2026-10-08_170938_37814377293_1_3617b6eeb37d43feaa243fecfea3c139",2026020057,7,"BUF","2026-10-08","2026-10-08T17:10:59.516Z","2026-10-08T23:00:00Z","2026-10-08","https://www.nhl.com/news/nhl-lineup-projections-2026-27-season","matched",TRUE,"Beck Malenstyn","skater",4,1,NA,8479359,"exact_normalized","F",4,NA,NA
"2026-10-08_170938_37814377293_1_3617b6eeb37d43feaa243fecfea3c139",2026020057,7,"BUF","2026-10-08","2026-10-08T17:10:59.516Z","2026-10-08T23:00:00Z","2026-10-08","https://www.nhl.com/news/nhl-lineup-projections-2026-27-season","matched",TRUE,"Ryan McLeod","skater",4,2,NA,8480802,"exact_normalized","F",4,NA,NA
"2026-10-08_170938_37814377293_1_3617b6eeb37d43feaa243fecfea3c139",2026020057,7,"BUF","2026-10-08","2026-10-08T17:10:59.516Z","2026-10-08T23:00:00Z","2026-10-08","https://www.nhl.com/news/nhl-lineup-projections-2026-27-season","matched",TRUE,"Justin Danforth","skater",4,3,NA,8479941,"exact_normalized","F",4,NA,NA
"2026-10-08_170938_37814377293_1_3617b6eeb37d43feaa243fecfea3c139",2026020057,7,"BUF","2026-10-08","2026-10-08T17:10:59.516Z","2026-10-08T23:00:00Z","2026-10-08","https://www.nhl.com/news/nhl-lineup-projections-2026-27-season","matched",TRUE,"Mattias Samuelsson","skater",5,1,NA,8480807,"exact_normalized","D",NA,1,NA
"2026-10-08_170938_37814377293_1_3617b6eeb37d43feaa243fecfea3c139",2026020057,7,"BUF","2026-10-08","2026-10-08T17:10:59.516Z","2026-10-08T23:00:00Z","2026-10-08","https://www.nhl.com/news/nhl-lineup-projections-2026-27-season","matched",TRUE,"Rasmus Dahlin","skater",5,2,NA,8480839,"exact_normalized","D",NA,1,NA
"2026-10-08_170938_37814377293_1_3617b6eeb37d43feaa243fecfea3c139",2026020057,7,"BUF","2026-10-08","2026-10-08T17:10:59.516Z","2026-10-08T23:00:00Z","2026-10-08","https://www.nhl.com/news/nhl-lineup-projections-2026-27-season","matched",TRUE,"Olen Zellweger","skater",6,1,NA,8482803,"exact_normalized","D",NA,2,NA
"2026-10-08_170938_37814377293_1_3617b6eeb37d43feaa243fecfea3c139",2026020057,7,"BUF","2026-10-08","2026-10-08T17:10:59.516Z","2026-10-08T23:00:00Z","2026-10-08","https://www.nhl.com/news/nhl-lineup-projections-2026-27-season","matched",TRUE,"Owen Power","skater",6,2,NA,8482671,"exact_normalized","D",NA,2,NA
"2026-10-08_170938_37814377293_1_3617b6eeb37d43feaa243fecfea3c139",2026020057,7,"BUF","2026-10-08","2026-10-08T17:10:59.516Z","2026-10-08T23:00:00Z","2026-10-08","https://www.nhl.com/news/nhl-lineup-projections-2026-27-season","matched",TRUE,"Zach Metsa","skater",7,1,NA,8484305,"exact_normalized","D",NA,3,NA
"2026-10-08_170938_37814377293_1_3617b6eeb37d43feaa243fecfea3c139",2026020057,7,"BUF","2026-10-08","2026-10-08T17:10:59.516Z","2026-10-08T23:00:00Z","2026-10-08","https://www.nhl.com/news/nhl-lineup-projections-2026-27-season","matched",TRUE,"Louis Crevier","skater",7,2,NA,8481806,"exact_normalized","D",NA,3,NA
"2026-10-08_170938_37814377293_1_3617b6eeb37d43feaa243fecfea3c139",2026020057,7,"BUF","2026-10-08","2026-10-08T17:10:59.516Z","2026-10-08T23:00:00Z","2026-10-08","https://www.nhl.com/news/nhl-lineup-projections-2026-27-season","matched",TRUE,"Ukko-Pekka Luukkonen","starter",NA,NA,NA,8480045,"exact_normalized","G",NA,NA,NA
"2026-10-08_170938_37814377293_1_3617b6eeb37d43feaa243fecfea3c139",2026020057,7,"BUF","2026-10-08","2026-10-08T17:10:59.516Z","2026-10-08T23:00:00Z","2026-10-08","https://www.nhl.com/news/nhl-lineup-projections-2026-27-season","matched",TRUE,"Colten Ellis","backup",NA,NA,NA,8481551,"exact_normalized","G",NA,NA,NA
"2026-10-08_170938_37814377293_1_3617b6eeb37d43feaa243fecfea3c139",2026020057,7,"BUF","2026-10-08","2026-10-08T17:10:59.516Z","2026-10-08T23:00:00Z","2026-10-08","https://www.nhl.com/news/nhl-lineup-projections-2026-27-season","matched",TRUE,"Sam Carrick","scratched",NA,NA,NA,8475842,"exact_normalized","F",NA,NA,NA
"2026-10-08_170938_37814377293_1_3617b6eeb37d43feaa243fecfea3c139",2026020057,7,"BUF","2026-10-08","2026-10-08T17:10:59.516Z","2026-10-08T23:00:00Z","2026-10-08","https://www.nhl.com/news/nhl-lineup-projections-2026-27-season","matched",TRUE,"Tyson Kozak","scratched",NA,NA,NA,8482896,"exact_normalized","F",NA,NA,NA
"2026-10-08_170938_37814377293_1_3617b6eeb37d43feaa243fecfea3c139",2026020057,7,"BUF","2026-10-08","2026-10-08T17:10:59.516Z","2026-10-08T23:00:00Z","2026-10-08","https://www.nhl.com/news/nhl-lineup-projections-2026-27-season","matched",TRUE,"Matt Grzelcyk","scratched",NA,NA,NA,8476891,"exact_normalized","D",NA,NA,NA
"2026-10-08_170938_37814377293_1_3617b6eeb37d43feaa243fecfea3c139",2026020057,7,"BUF","2026-10-08","2026-10-08T17:10:59.516Z","2026-10-08T23:00:00Z","2026-10-08","https://www.nhl.com/news/nhl-lineup-projections-2026-27-season","matched",TRUE,"Alex Lyon","injured",NA,NA,"upper body",8479312,"exact_normalized","G",NA,NA,NA
"2026-10-08_170938_37814377293_1_3617b6eeb37d43feaa243fecfea3c139",2026020057,7,"BUF","2026-10-08","2026-10-08T17:10:59.516Z","2026-10-08T23:00:00Z","2026-10-08","https://www.nhl.com/news/nhl-lineup-projections-2026-27-season","matched",TRUE,"Conor Timmins","injured",NA,NA,"lower body",8479982,"exact_normalized","D",NA,NA,NA
"2026-10-08_170938_37814377293_1_3617b6eeb37d43feaa243fecfea3c139",2026020057,7,"BUF","2026-10-08","2026-10-08T17:10:59.516Z","2026-10-08T23:00:00Z","2026-10-08","https://www.nhl.com/news/nhl-lineup-projections-2026-27-season","matched",TRUE,"Jason Zucker","injured",NA,NA,"sports hernia",NA,"unmatched",NA,NA,NA,"unmatched"
"2026-10-08_170938_37814377293_1_3617b6eeb37d43feaa243fecfea3c139",2026020058,18,"NSH","2026-10-08","2026-10-08T17:10:59.516Z","2026-10-08T23:00:00Z","2026-10-08","https://www.nhl.com/news/nhl-lineup-projections-2026-27-season","matched",TRUE,"Steven Stamkos","skater",1,1,NA,8474564,"exact_normalized","F",1,NA,NA
"2026-10-08_170938_37814377293_1_3617b6eeb37d43feaa243fecfea3c139",2026020058,18,"NSH","2026-10-08","2026-10-08T17:10:59.516Z","2026-10-08T23:00:00Z","2026-10-08","https://www.nhl.com/news/nhl-lineup-projections-2026-27-season","matched",TRUE,"Ryan O’Reilly","skater",1,2,NA,8475158,"exact_normalized","F",1,NA,NA
"2026-10-08_170938_37814377293_1_3617b6eeb37d43feaa243fecfea3c139",2026020058,18,"NSH","2026-10-08","2026-10-08T17:10:59.516Z","2026-10-08T23:00:00Z","2026-10-08","https://www.nhl.com/news/nhl-lineup-projections-2026-27-season","matched",TRUE,"Alexander Kerfoot","skater",1,3,NA,8477021,"exact_normalized","F",1,NA,NA
"2026-10-08_170938_37814377293_1_3617b6eeb37d43feaa243fecfea3c139",2026020058,18,"NSH","2026-10-08","2026-10-08T17:10:59.516Z","2026-10-08T23:00:00Z","2026-10-08","https://www.nhl.com/news/nhl-lineup-projections-2026-27-season","matched",TRUE,"Filip Forsberg","skater",2,1,NA,8476887,"exact_normalized","F",2,NA,NA
"2026-10-08_170938_37814377293_1_3617b6eeb37d43feaa243fecfea3c139",2026020058,18,"NSH","2026-10-08","2026-10-08T17:10:59.516Z","2026-10-08T23:00:00Z","2026-10-08","https://www.nhl.com/news/nhl-lineup-projections-2026-27-season","matched",TRUE,"Matthew Wood","skater",2,2,NA,8484241,"exact_normalized","F",2,NA,NA
"2026-10-08_170938_37814377293_1_3617b6eeb37d43feaa243fecfea3c139",2026020058,18,"NSH","2026-10-08","2026-10-08T17:10:59.516Z","2026-10-08T23:00:00Z","2026-10-08","https://www.nhl.com/news/nhl-lineup-projections-2026-27-season","matched",TRUE,"Nils Hoglander","skater",2,3,NA,8481535,"exact_normalized","F",2,NA,NA
"2026-10-08_170938_37814377293_1_3617b6eeb37d43feaa243fecfea3c139",2026020058,18,"NSH","2026-10-08","2026-10-08T17:10:59.516Z","2026-10-08T23:00:00Z","2026-10-08","https://www.nhl.com/news/nhl-lineup-projections-2026-27-season","matched",TRUE,"Ross Colton","skater",3,1,NA,8479525,"exact_normalized","F",3,NA,NA
"2026-10-08_170938_37814377293_1_3617b6eeb37d43feaa243fecfea3c139",2026020058,18,"NSH","2026-10-08","2026-10-08T17:10:59.516Z","2026-10-08T23:00:00Z","2026-10-08","https://www.nhl.com/news/nhl-lineup-projections-2026-27-season","matched",TRUE,"Mavrik Bourque","skater",3,2,NA,8482145,"exact_normalized","F",3,NA,NA
"2026-10-08_170938_37814377293_1_3617b6eeb37d43feaa243fecfea3c139",2026020058,18,"NSH","2026-10-08","2026-10-08T17:10:59.516Z","2026-10-08T23:00:00Z","2026-10-08","https://www.nhl.com/news/nhl-lineup-projections-2026-27-season","matched",TRUE,"Jonathan Marchessault","skater",3,3,NA,8476539,"exact_normalized","F",3,NA,NA
"2026-10-08_170938_37814377293_1_3617b6eeb37d43feaa243fecfea3c139",2026020058,18,"NSH","2026-10-08","2026-10-08T17:10:59.516Z","2026-10-08T23:00:00Z","2026-10-08","https://www.nhl.com/news/nhl-lineup-projections-2026-27-season","matched",TRUE,"Jack Drury","skater",4,1,NA,8480835,"exact_normalized","F",4,NA,NA
"2026-10-08_170938_37814377293_1_3617b6eeb37d43feaa243fecfea3c139",2026020058,18,"NSH","2026-10-08","2026-10-08T17:10:59.516Z","2026-10-08T23:00:00Z","2026-10-08","https://www.nhl.com/news/nhl-lineup-projections-2026-27-season","matched",TRUE,"Adam Edstrom","skater",4,2,NA,8481726,"exact_normalized","F",4,NA,NA
"2026-10-08_170938_37814377293_1_3617b6eeb37d43feaa243fecfea3c139",2026020058,18,"NSH","2026-10-08","2026-10-08T17:10:59.516Z","2026-10-08T23:00:00Z","2026-10-08","https://www.nhl.com/news/nhl-lineup-projections-2026-27-season","matched",TRUE,"Nicolas Hague","skater",5,1,NA,8479980,"exact_normalized","D",NA,1,NA
"2026-10-08_170938_37814377293_1_3617b6eeb37d43feaa243fecfea3c139",2026020058,18,"NSH","2026-10-08","2026-10-08T17:10:59.516Z","2026-10-08T23:00:00Z","2026-10-08","https://www.nhl.com/news/nhl-lineup-projections-2026-27-season","matched",TRUE,"Roman Josi","skater",5,2,NA,8474600,"exact_normalized","D",NA,1,NA
"2026-10-08_170938_37814377293_1_3617b6eeb37d43feaa243fecfea3c139",2026020058,18,"NSH","2026-10-08","2026-10-08T17:10:59.516Z","2026-10-08T23:00:00Z","2026-10-08","https://www.nhl.com/news/nhl-lineup-projections-2026-27-season","matched",TRUE,"Brady Skjei","skater",6,1,NA,8476869,"exact_normalized","D",NA,2,NA
"2026-10-08_170938_37814377293_1_3617b6eeb37d43feaa243fecfea3c139",2026020058,18,"NSH","2026-10-08","2026-10-08T17:10:59.516Z","2026-10-08T23:00:00Z","2026-10-08","https://www.nhl.com/news/nhl-lineup-projections-2026-27-season","matched",TRUE,"Nick Perbix","skater",6,2,NA,8480246,"exact_normalized","D",NA,2,NA
"2026-10-08_170938_37814377293_1_3617b6eeb37d43feaa243fecfea3c139",2026020058,18,"NSH","2026-10-08","2026-10-08T17:10:59.516Z","2026-10-08T23:00:00Z","2026-10-08","https://www.nhl.com/news/nhl-lineup-projections-2026-27-season","matched",TRUE,"William Trudeau","skater",7,1,NA,8482806,"exact_normalized","D",NA,3,NA
"2026-10-08_170938_37814377293_1_3617b6eeb37d43feaa243fecfea3c139",2026020058,18,"NSH","2026-10-08","2026-10-08T17:10:59.516Z","2026-10-08T23:00:00Z","2026-10-08","https://www.nhl.com/news/nhl-lineup-projections-2026-27-season","matched",TRUE,"Adam Wilsby","skater",7,2,NA,8482482,"exact_normalized","D",NA,3,NA
"2026-10-08_170938_37814377293_1_3617b6eeb37d43feaa243fecfea3c139",2026020058,18,"NSH","2026-10-08","2026-10-08T17:10:59.516Z","2026-10-08T23:00:00Z","2026-10-08","https://www.nhl.com/news/nhl-lineup-projections-2026-27-season","matched",TRUE,"Jack Ahcan","skater",8,1,NA,8482072,"exact_normalized","D",NA,4,NA
"2026-10-08_170938_37814377293_1_3617b6eeb37d43feaa243fecfea3c139",2026020058,18,"NSH","2026-10-08","2026-10-08T17:10:59.516Z","2026-10-08T23:00:00Z","2026-10-08","https://www.nhl.com/news/nhl-lineup-projections-2026-27-season","matched",TRUE,"Juuse Saros","starter",NA,NA,NA,8477424,"exact_normalized","G",NA,NA,NA
"2026-10-08_170938_37814377293_1_3617b6eeb37d43feaa243fecfea3c139",2026020058,18,"NSH","2026-10-08","2026-10-08T17:10:59.516Z","2026-10-08T23:00:00Z","2026-10-08","https://www.nhl.com/news/nhl-lineup-projections-2026-27-season","matched",TRUE,"Matt Murray","backup",NA,NA,NA,8483575,"exact_normalized","G",NA,NA,NA
"2026-10-08_170938_37814377293_1_3617b6eeb37d43feaa243fecfea3c139",2026020058,18,"NSH","2026-10-08","2026-10-08T17:10:59.516Z","2026-10-08T23:00:00Z","2026-10-08","https://www.nhl.com/news/nhl-lineup-projections-2026-27-season","matched",TRUE,"Reid Schaefer","scratched",NA,NA,NA,8483513,"exact_normalized","F",NA,NA,NA
"2026-10-08_170938_37814377293_1_3617b6eeb37d43feaa243fecfea3c139",2026020058,18,"NSH","2026-10-08","2026-10-08T17:10:59.516Z","2026-10-08T23:00:00Z","2026-10-08","https://www.nhl.com/news/nhl-lineup-projections-2026-27-season","matched",TRUE,"Ilya Lyubushkin","scratched",NA,NA,NA,8480950,"exact_normalized","D",NA,NA,NA
"2026-10-08_170938_37814377293_1_3617b6eeb37d43feaa243fecfea3c139",2026020058,18,"NSH","2026-10-08","2026-10-08T17:10:59.516Z","2026-10-08T23:00:00Z","2026-10-08","https://www.nhl.com/news/nhl-lineup-projections-2026-27-season","matched",TRUE,"Vitali Pinchuk","scratched",NA,NA,NA,8486189,"exact_normalized","F",NA,NA,NA
"2026-10-08_170938_37814377293_1_3617b6eeb37d43feaa243fecfea3c139",2026020058,18,"NSH","2026-10-08","2026-10-08T17:10:59.516Z","2026-10-08T23:00:00Z","2026-10-08","https://www.nhl.com/news/nhl-lineup-projections-2026-27-season","matched",TRUE,"Justus Annunen","injured",NA,NA,"undisclosed",8481020,"exact_normalized","G",NA,NA,NA
"2026-10-08_170938_37814377293_1_3617b6eeb37d43feaa243fecfea3c139",2026020058,8,"MTL","2026-10-08","2026-10-08T17:10:59.516Z","2026-10-08T23:00:00Z","2026-10-08","https://www.nhl.com/news/nhl-lineup-projections-2026-27-season","matched",TRUE,"Cole Caufield","skater",1,1,NA,8481540,"exact_normalized","F",1,NA,NA
"2026-10-08_170938_37814377293_1_3617b6eeb37d43feaa243fecfea3c139",2026020058,8,"MTL","2026-10-08","2026-10-08T17:10:59.516Z","2026-10-08T23:00:00Z","2026-10-08","https://www.nhl.com/news/nhl-lineup-projections-2026-27-season","matched",TRUE,"Nick Suzuki","skater",1,2,NA,8480018,"exact_normalized","F",1,NA,NA
"2026-10-08_170938_37814377293_1_3617b6eeb37d43feaa243fecfea3c139",2026020058,8,"MTL","2026-10-08","2026-10-08T17:10:59.516Z","2026-10-08T23:00:00Z","2026-10-08","https://www.nhl.com/news/nhl-lineup-projections-2026-27-season","matched",TRUE,"Chris Kreider","skater",1,3,NA,8475184,"exact_normalized","F",1,NA,NA
"2026-10-08_170938_37814377293_1_3617b6eeb37d43feaa243fecfea3c139",2026020058,8,"MTL","2026-10-08","2026-10-08T17:10:59.516Z","2026-10-08T23:00:00Z","2026-10-08","https://www.nhl.com/news/nhl-lineup-projections-2026-27-season","matched",TRUE,"Juraj Slafkovsky","skater",2,1,NA,8483515,"exact_normalized","F",2,NA,NA
"2026-10-08_170938_37814377293_1_3617b6eeb37d43feaa243fecfea3c139",2026020058,8,"MTL","2026-10-08","2026-10-08T17:10:59.516Z","2026-10-08T23:00:00Z","2026-10-08","https://www.nhl.com/news/nhl-lineup-projections-2026-27-season","matched",TRUE,"Alex Newhook","skater",2,2,NA,8481618,"exact_normalized","F",2,NA,NA
"2026-10-08_170938_37814377293_1_3617b6eeb37d43feaa243fecfea3c139",2026020058,8,"MTL","2026-10-08","2026-10-08T17:10:59.516Z","2026-10-08T23:00:00Z","2026-10-08","https://www.nhl.com/news/nhl-lineup-projections-2026-27-season","matched",TRUE,"Kirby Dach","skater",2,3,NA,8481523,"exact_normalized","F",2,NA,NA
"2026-10-08_170938_37814377293_1_3617b6eeb37d43feaa243fecfea3c139",2026020058,8,"MTL","2026-10-08","2026-10-08T17:10:59.516Z","2026-10-08T23:00:00Z","2026-10-08","https://www.nhl.com/news/nhl-lineup-projections-2026-27-season","matched",TRUE,"Zachary Bolduc","skater",3,1,NA,8482737,"exact_normalized","F",3,NA,NA
"2026-10-08_170938_37814377293_1_3617b6eeb37d43feaa243fecfea3c139",2026020058,8,"MTL","2026-10-08","2026-10-08T17:10:59.516Z","2026-10-08T23:00:00Z","2026-10-08","https://www.nhl.com/news/nhl-lineup-projections-2026-27-season","matched",TRUE,"Phillip Danault","skater",3,2,NA,8476479,"exact_normalized","F",3,NA,NA
"2026-10-08_170938_37814377293_1_3617b6eeb37d43feaa243fecfea3c139",2026020058,8,"MTL","2026-10-08","2026-10-08T17:10:59.516Z","2026-10-08T23:00:00Z","2026-10-08","https://www.nhl.com/news/nhl-lineup-projections-2026-27-season","matched",TRUE,"Alexandre Texier","skater",3,3,NA,8480074,"exact_normalized","F",3,NA,NA
"2026-10-08_170938_37814377293_1_3617b6eeb37d43feaa243fecfea3c139",2026020058,8,"MTL","2026-10-08","2026-10-08T17:10:59.516Z","2026-10-08T23:00:00Z","2026-10-08","https://www.nhl.com/news/nhl-lineup-projections-2026-27-season","matched",TRUE,"Florian Xhekaj","skater",4,1,NA,8484403,"exact_normalized","F",4,NA,NA
"2026-10-08_170938_37814377293_1_3617b6eeb37d43feaa243fecfea3c139",2026020058,8,"MTL","2026-10-08","2026-10-08T17:10:59.516Z","2026-10-08T23:00:00Z","2026-10-08","https://www.nhl.com/news/nhl-lineup-projections-2026-27-season","matched",TRUE,"Jake Evans","skater",4,2,NA,8478133,"exact_normalized","F",4,NA,NA
"2026-10-08_170938_37814377293_1_3617b6eeb37d43feaa243fecfea3c139",2026020058,8,"MTL","2026-10-08","2026-10-08T17:10:59.516Z","2026-10-08T23:00:00Z","2026-10-08","https://www.nhl.com/news/nhl-lineup-projections-2026-27-season","matched",TRUE,"Josh Anderson","skater",4,3,NA,8476981,"exact_normalized","F",4,NA,NA
"2026-10-08_170938_37814377293_1_3617b6eeb37d43feaa243fecfea3c139",2026020058,8,"MTL","2026-10-08","2026-10-08T17:10:59.516Z","2026-10-08T23:00:00Z","2026-10-08","https://www.nhl.com/news/nhl-lineup-projections-2026-27-season","matched",TRUE,"Mike Matheson","skater",5,1,NA,8476875,"exact_normalized","D",NA,1,NA
"2026-10-08_170938_37814377293_1_3617b6eeb37d43feaa243fecfea3c139",2026020058,8,"MTL","2026-10-08","2026-10-08T17:10:59.516Z","2026-10-08T23:00:00Z","2026-10-08","https://www.nhl.com/news/nhl-lineup-projections-2026-27-season","matched",TRUE,"Noah Dobson","skater",5,2,NA,8480865,"exact_normalized","D",NA,1,NA
"2026-10-08_170938_37814377293_1_3617b6eeb37d43feaa243fecfea3c139",2026020058,8,"MTL","2026-10-08","2026-10-08T17:10:59.516Z","2026-10-08T23:00:00Z","2026-10-08","https://www.nhl.com/news/nhl-lineup-projections-2026-27-season","matched",TRUE,"Lane Hutson","skater",6,1,NA,8483457,"exact_normalized","D",NA,2,NA
"2026-10-08_170938_37814377293_1_3617b6eeb37d43feaa243fecfea3c139",2026020058,8,"MTL","2026-10-08","2026-10-08T17:10:59.516Z","2026-10-08T23:00:00Z","2026-10-08","https://www.nhl.com/news/nhl-lineup-projections-2026-27-season","matched",TRUE,"Alexandre Carrier","skater",6,2,NA,8478851,"exact_normalized","D",NA,2,NA
"2026-10-08_170938_37814377293_1_3617b6eeb37d43feaa243fecfea3c139",2026020058,8,"MTL","2026-10-08","2026-10-08T17:10:59.516Z","2026-10-08T23:00:00Z","2026-10-08","https://www.nhl.com/news/nhl-lineup-projections-2026-27-season","matched",TRUE,"Arber Xhekaj","skater",7,1,NA,8482964,"exact_normalized","D",NA,3,NA
"2026-10-08_170938_37814377293_1_3617b6eeb37d43feaa243fecfea3c139",2026020058,8,"MTL","2026-10-08","2026-10-08T17:10:59.516Z","2026-10-08T23:00:00Z","2026-10-08","https://www.nhl.com/news/nhl-lineup-projections-2026-27-season","matched",TRUE,"Adam Engstrom","skater",7,2,NA,8483686,"exact_normalized","D",NA,3,NA
"2026-10-08_170938_37814377293_1_3617b6eeb37d43feaa243fecfea3c139",2026020058,8,"MTL","2026-10-08","2026-10-08T17:10:59.516Z","2026-10-08T23:00:00Z","2026-10-08","https://www.nhl.com/news/nhl-lineup-projections-2026-27-season","matched",TRUE,"Jacob Fowler","starter",NA,NA,NA,8484170,"exact_normalized","G",NA,NA,NA
"2026-10-08_170938_37814377293_1_3617b6eeb37d43feaa243fecfea3c139",2026020058,8,"MTL","2026-10-08","2026-10-08T17:10:59.516Z","2026-10-08T23:00:00Z","2026-10-08","https://www.nhl.com/news/nhl-lineup-projections-2026-27-season","matched",TRUE,"Jakub Dobes","backup",NA,NA,NA,8482487,"exact_normalized","G",NA,NA,NA
"2026-10-08_170938_37814377293_1_3617b6eeb37d43feaa243fecfea3c139",2026020058,8,"MTL","2026-10-08","2026-10-08T17:10:59.516Z","2026-10-08T23:00:00Z","2026-10-08","https://www.nhl.com/news/nhl-lineup-projections-2026-27-season","matched",TRUE,"Jayden Struble","scratched",NA,NA,NA,8481593,"exact_normalized","D",NA,NA,NA
"2026-10-08_170938_37814377293_1_3617b6eeb37d43feaa243fecfea3c139",2026020058,8,"MTL","2026-10-08","2026-10-08T17:10:59.516Z","2026-10-08T23:00:00Z","2026-10-08","https://www.nhl.com/news/nhl-lineup-projections-2026-27-season","matched",TRUE,"Samuel Montembeault","injured",NA,NA,"undisclosed",8478470,"exact_normalized","G",NA,NA,NA
"2026-10-08_170938_37814377293_1_3617b6eeb37d43feaa243fecfea3c139",2026020058,8,"MTL","2026-10-08","2026-10-08T17:10:59.516Z","2026-10-08T23:00:00Z","2026-10-08","https://www.nhl.com/news/nhl-lineup-projections-2026-27-season","matched",TRUE,"Ivan Demidov","injured",NA,NA,"lower body",8484984,"exact_normalized","F",NA,NA,NA
"2026-10-08_170938_37814377293_1_3617b6eeb37d43feaa243fecfea3c139",2026020058,8,"MTL","2026-10-08","2026-10-08T17:10:59.516Z","2026-10-08T23:00:00Z","2026-10-08","https://www.nhl.com/news/nhl-lineup-projections-2026-27-season","matched",TRUE,"Kaiden Guhle","injured",NA,NA,"adductor",NA,"unmatched",NA,NA,NA,"unmatched"
"2026-10-08_170938_37814377293_1_3617b6eeb37d43feaa243fecfea3c139",2026020058,8,"MTL","2026-10-08","2026-10-08T17:10:59.516Z","2026-10-08T23:00:00Z","2026-10-08","https://www.nhl.com/news/nhl-lineup-projections-2026-27-season","matched",TRUE,"Oliver Kapanen","injured",NA,NA,"lower body",8482775,"exact_normalized","F",NA,NA,NA
"2026-10-08_170938_37814377293_1_3617b6eeb37d43feaa243fecfea3c139",2026020059,4,"PHI","2026-10-08","2026-10-08T17:10:59.516Z","2026-10-08T23:00:00Z","2026-10-08","https://www.nhl.com/news/nhl-lineup-projections-2026-27-season","matched",TRUE,"Travis Konecny","skater",1,1,NA,8478439,"exact_normalized","F",1,NA,NA
"2026-10-08_170938_37814377293_1_3617b6eeb37d43feaa243fecfea3c139",2026020059,4,"PHI","2026-10-08","2026-10-08T17:10:59.516Z","2026-10-08T23:00:00Z","2026-10-08","https://www.nhl.com/news/nhl-lineup-projections-2026-27-season","matched",TRUE,"Sean Couturier","skater",1,2,NA,8476461,"exact_normalized","F",1,NA,NA
"2026-10-08_170938_37814377293_1_3617b6eeb37d43feaa243fecfea3c139",2026020059,4,"PHI","2026-10-08","2026-10-08T17:10:59.516Z","2026-10-08T23:00:00Z","2026-10-08","https://www.nhl.com/news/nhl-lineup-projections-2026-27-season","matched",TRUE,"Porter Martone","skater",1,3,NA,8485406,"exact_normalized","F",1,NA,NA
"2026-10-08_170938_37814377293_1_3617b6eeb37d43feaa243fecfea3c139",2026020059,4,"PHI","2026-10-08","2026-10-08T17:10:59.516Z","2026-10-08T23:00:00Z","2026-10-08","https://www.nhl.com/news/nhl-lineup-projections-2026-27-season","matched",TRUE,"Trevor Zegras","skater",2,1,NA,8481533,"exact_normalized","F",2,NA,NA
"2026-10-08_170938_37814377293_1_3617b6eeb37d43feaa243fecfea3c139",2026020059,4,"PHI","2026-10-08","2026-10-08T17:10:59.516Z","2026-10-08T23:00:00Z","2026-10-08","https://www.nhl.com/news/nhl-lineup-projections-2026-27-season","matched",TRUE,"Christian Dvorak","skater",2,2,NA,8477989,"exact_normalized","F",2,NA,NA
"2026-10-08_170938_37814377293_1_3617b6eeb37d43feaa243fecfea3c139",2026020059,4,"PHI","2026-10-08","2026-10-08T17:10:59.516Z","2026-10-08T23:00:00Z","2026-10-08","https://www.nhl.com/news/nhl-lineup-projections-2026-27-season","matched",TRUE,"Owen Tippett","skater",2,3,NA,8480015,"exact_normalized","F",2,NA,NA
"2026-10-08_170938_37814377293_1_3617b6eeb37d43feaa243fecfea3c139",2026020059,4,"PHI","2026-10-08","2026-10-08T17:10:59.516Z","2026-10-08T23:00:00Z","2026-10-08","https://www.nhl.com/news/nhl-lineup-projections-2026-27-season","matched",TRUE,"Tyson Foerster","skater",3,1,NA,8482159,"exact_normalized","F",3,NA,NA
"2026-10-08_170938_37814377293_1_3617b6eeb37d43feaa243fecfea3c139",2026020059,4,"PHI","2026-10-08","2026-10-08T17:10:59.516Z","2026-10-08T23:00:00Z","2026-10-08","https://www.nhl.com/news/nhl-lineup-projections-2026-27-season","matched",TRUE,"Denver Barkey","skater",3,2,NA,8484142,"exact_normalized","F",3,NA,NA
"2026-10-08_170938_37814377293_1_3617b6eeb37d43feaa243fecfea3c139",2026020059,4,"PHI","2026-10-08","2026-10-08T17:10:59.516Z","2026-10-08T23:00:00Z","2026-10-08","https://www.nhl.com/news/nhl-lineup-projections-2026-27-season","matched",TRUE,"Matvei Michkov","skater",3,3,NA,8484387,"exact_normalized","F",3,NA,NA
"2026-10-08_170938_37814377293_1_3617b6eeb37d43feaa243fecfea3c139",2026020059,4,"PHI","2026-10-08","2026-10-08T17:10:59.516Z","2026-10-08T23:00:00Z","2026-10-08","https://www.nhl.com/news/nhl-lineup-projections-2026-27-season","matched",TRUE,"Michael Bunting","skater",4,1,NA,8478047,"exact_normalized","F",4,NA,NA
"2026-10-08_170938_37814377293_1_3617b6eeb37d43feaa243fecfea3c139",2026020059,4,"PHI","2026-10-08","2026-10-08T17:10:59.516Z","2026-10-08T23:00:00Z","2026-10-08","https://www.nhl.com/news/nhl-lineup-projections-2026-27-season","matched",TRUE,"Noah Cates","skater",4,2,NA,8480220,"exact_normalized","F",4,NA,NA
"2026-10-08_170938_37814377293_1_3617b6eeb37d43feaa243fecfea3c139",2026020059,4,"PHI","2026-10-08","2026-10-08T17:10:59.516Z","2026-10-08T23:00:00Z","2026-10-08","https://www.nhl.com/news/nhl-lineup-projections-2026-27-season","matched",TRUE,"Noel Acciari","skater",4,3,NA,8478569,"exact_normalized","F",4,NA,NA
"2026-10-08_170938_37814377293_1_3617b6eeb37d43feaa243fecfea3c139",2026020059,4,"PHI","2026-10-08","2026-10-08T17:10:59.516Z","2026-10-08T23:00:00Z","2026-10-08","https://www.nhl.com/news/nhl-lineup-projections-2026-27-season","matched",TRUE,"Travis Sanheim","skater",5,1,NA,8477948,"exact_normalized","D",NA,1,NA
"2026-10-08_170938_37814377293_1_3617b6eeb37d43feaa243fecfea3c139",2026020059,4,"PHI","2026-10-08","2026-10-08T17:10:59.516Z","2026-10-08T23:00:00Z","2026-10-08","https://www.nhl.com/news/nhl-lineup-projections-2026-27-season","matched",TRUE,"Jamie Drysdale","skater",5,2,NA,8482142,"exact_normalized","D",NA,1,NA
"2026-10-08_170938_37814377293_1_3617b6eeb37d43feaa243fecfea3c139",2026020059,4,"PHI","2026-10-08","2026-10-08T17:10:59.516Z","2026-10-08T23:00:00Z","2026-10-08","https://www.nhl.com/news/nhl-lineup-projections-2026-27-season","matched",TRUE,"Cam York","skater",6,1,NA,8481546,"exact_normalized","D",NA,2,NA
"2026-10-08_170938_37814377293_1_3617b6eeb37d43feaa243fecfea3c139",2026020059,4,"PHI","2026-10-08","2026-10-08T17:10:59.516Z","2026-10-08T23:00:00Z","2026-10-08","https://www.nhl.com/news/nhl-lineup-projections-2026-27-season","matched",TRUE,"David Jiricek","skater",6,2,NA,8483460,"exact_normalized","D",NA,2,NA
"2026-10-08_170938_37814377293_1_3617b6eeb37d43feaa243fecfea3c139",2026020059,4,"PHI","2026-10-08","2026-10-08T17:10:59.516Z","2026-10-08T23:00:00Z","2026-10-08","https://www.nhl.com/news/nhl-lineup-projections-2026-27-season","matched",TRUE,"Nick Seeler","skater",7,1,NA,8476372,"exact_normalized","D",NA,3,NA
"2026-10-08_170938_37814377293_1_3617b6eeb37d43feaa243fecfea3c139",2026020059,4,"PHI","2026-10-08","2026-10-08T17:10:59.516Z","2026-10-08T23:00:00Z","2026-10-08","https://www.nhl.com/news/nhl-lineup-projections-2026-27-season","matched",TRUE,"Simon Benoit","skater",7,2,NA,8481122,"exact_normalized","D",NA,3,NA
"2026-10-08_170938_37814377293_1_3617b6eeb37d43feaa243fecfea3c139",2026020059,4,"PHI","2026-10-08","2026-10-08T17:10:59.516Z","2026-10-08T23:00:00Z","2026-10-08","https://www.nhl.com/news/nhl-lineup-projections-2026-27-season","matched",TRUE,"Joseph Woll","starter",NA,NA,NA,8479361,"exact_normalized","G",NA,NA,NA
"2026-10-08_170938_37814377293_1_3617b6eeb37d43feaa243fecfea3c139",2026020059,4,"PHI","2026-10-08","2026-10-08T17:10:59.516Z","2026-10-08T23:00:00Z","2026-10-08","https://www.nhl.com/news/nhl-lineup-projections-2026-27-season","matched",TRUE,"Dan Vladar","backup",NA,NA,NA,8478435,"exact_normalized","G",NA,NA,NA
"2026-10-08_170938_37814377293_1_3617b6eeb37d43feaa243fecfea3c139",2026020059,4,"PHI","2026-10-08","2026-10-08T17:10:59.516Z","2026-10-08T23:00:00Z","2026-10-08","https://www.nhl.com/news/nhl-lineup-projections-2026-27-season","matched",TRUE,"Garrett Wilson","scratched",NA,NA,NA,8475253,"exact_normalized","F",NA,NA,NA
"2026-10-08_170938_37814377293_1_3617b6eeb37d43feaa243fecfea3c139",2026020059,4,"PHI","2026-10-08","2026-10-08T17:10:59.516Z","2026-10-08T23:00:00Z","2026-10-08","https://www.nhl.com/news/nhl-lineup-projections-2026-27-season","matched",TRUE,"Carl Grundstrom","scratched",NA,NA,NA,8479336,"exact_normalized","F",NA,NA,NA
"2026-10-08_170938_37814377293_1_3617b6eeb37d43feaa243fecfea3c139",2026020059,4,"PHI","2026-10-08","2026-10-08T17:10:59.516Z","2026-10-08T23:00:00Z","2026-10-08","https://www.nhl.com/news/nhl-lineup-projections-2026-27-season","matched",TRUE,"Nikita Grebenkin","injured",NA,NA,"upper body",8483733,"exact_normalized","F",NA,NA,NA
"2026-10-08_170938_37814377293_1_3617b6eeb37d43feaa243fecfea3c139",2026020059,4,"PHI","2026-10-08","2026-10-08T17:10:59.516Z","2026-10-08T23:00:00Z","2026-10-08","https://www.nhl.com/news/nhl-lineup-projections-2026-27-season","matched",TRUE,"Rasmus Ristolainen","injured",NA,NA,"undisclosed",8477499,"exact_normalized","D",NA,NA,NA
"2026-10-08_170938_37814377293_1_3617b6eeb37d43feaa243fecfea3c139",2026020059,9,"OTT","2026-10-08","2026-10-08T17:10:59.516Z","2026-10-08T23:00:00Z","2026-10-08","https://www.nhl.com/news/nhl-lineup-projections-2026-27-season","matched",TRUE,"William Eklund","skater",1,1,NA,8482667,"exact_normalized","F",1,NA,NA
"2026-10-08_170938_37814377293_1_3617b6eeb37d43feaa243fecfea3c139",2026020059,9,"OTT","2026-10-08","2026-10-08T17:10:59.516Z","2026-10-08T23:00:00Z","2026-10-08","https://www.nhl.com/news/nhl-lineup-projections-2026-27-season","matched",TRUE,"Tim Stutzle","skater",1,2,NA,8482116,"exact_normalized","F",1,NA,NA
"2026-10-08_170938_37814377293_1_3617b6eeb37d43feaa243fecfea3c139",2026020059,9,"OTT","2026-10-08","2026-10-08T17:10:59.516Z","2026-10-08T23:00:00Z","2026-10-08","https://www.nhl.com/news/nhl-lineup-projections-2026-27-season","matched",TRUE,"Drake Batherson","skater",1,3,NA,8480208,"exact_normalized","F",1,NA,NA
"2026-10-08_170938_37814377293_1_3617b6eeb37d43feaa243fecfea3c139",2026020059,9,"OTT","2026-10-08","2026-10-08T17:10:59.516Z","2026-10-08T23:00:00Z","2026-10-08","https://www.nhl.com/news/nhl-lineup-projections-2026-27-season","matched",TRUE,"Ridly Greig","skater",2,1,NA,8482092,"exact_normalized","F",2,NA,NA
"2026-10-08_170938_37814377293_1_3617b6eeb37d43feaa243fecfea3c139",2026020059,9,"OTT","2026-10-08","2026-10-08T17:10:59.516Z","2026-10-08T23:00:00Z","2026-10-08","https://www.nhl.com/news/nhl-lineup-projections-2026-27-season","matched",TRUE,"Dylan Cozens","skater",2,2,NA,8481528,"exact_normalized","F",2,NA,NA
"2026-10-08_170938_37814377293_1_3617b6eeb37d43feaa243fecfea3c139",2026020059,9,"OTT","2026-10-08","2026-10-08T17:10:59.516Z","2026-10-08T23:00:00Z","2026-10-08","https://www.nhl.com/news/nhl-lineup-projections-2026-27-season","matched",TRUE,"Fabian Zetterlund","skater",2,3,NA,8480188,"exact_normalized","F",2,NA,NA
"2026-10-08_170938_37814377293_1_3617b6eeb37d43feaa243fecfea3c139",2026020059,9,"OTT","2026-10-08","2026-10-08T17:10:59.516Z","2026-10-08T23:00:00Z","2026-10-08","https://www.nhl.com/news/nhl-lineup-projections-2026-27-season","matched",TRUE,"Michael Amadio","skater",3,1,NA,8478020,"exact_normalized","F",3,NA,NA
"2026-10-08_170938_37814377293_1_3617b6eeb37d43feaa243fecfea3c139",2026020059,9,"OTT","2026-10-08","2026-10-08T17:10:59.516Z","2026-10-08T23:00:00Z","2026-10-08","https://www.nhl.com/news/nhl-lineup-projections-2026-27-season","matched",TRUE,"Shane Pinto","skater",3,2,NA,8481596,"exact_normalized","F",3,NA,NA
"2026-10-08_170938_37814377293_1_3617b6eeb37d43feaa243fecfea3c139",2026020059,9,"OTT","2026-10-08","2026-10-08T17:10:59.516Z","2026-10-08T23:00:00Z","2026-10-08","https://www.nhl.com/news/nhl-lineup-projections-2026-27-season","matched",TRUE,"Claude Giroux","skater",3,3,NA,8473512,"exact_normalized","F",3,NA,NA
"2026-10-08_170938_37814377293_1_3617b6eeb37d43feaa243fecfea3c139",2026020059,9,"OTT","2026-10-08","2026-10-08T17:10:59.516Z","2026-10-08T23:00:00Z","2026-10-08","https://www.nhl.com/news/nhl-lineup-projections-2026-27-season","matched",TRUE,"Warren Foegele","skater",4,1,NA,8477998,"exact_normalized","F",4,NA,NA
"2026-10-08_170938_37814377293_1_3617b6eeb37d43feaa243fecfea3c139",2026020059,9,"OTT","2026-10-08","2026-10-08T17:10:59.516Z","2026-10-08T23:00:00Z","2026-10-08","https://www.nhl.com/news/nhl-lineup-projections-2026-27-season","matched",TRUE,"Stephen Halliday","skater",4,2,NA,8483676,"exact_normalized","F",4,NA,NA
"2026-10-08_170938_37814377293_1_3617b6eeb37d43feaa243fecfea3c139",2026020059,9,"OTT","2026-10-08","2026-10-08T17:10:59.516Z","2026-10-08T23:00:00Z","2026-10-08","https://www.nhl.com/news/nhl-lineup-projections-2026-27-season","matched",TRUE,"Nick Cousins","skater",4,3,NA,8476393,"exact_normalized","F",4,NA,NA
"2026-10-08_170938_37814377293_1_3617b6eeb37d43feaa243fecfea3c139",2026020059,9,"OTT","2026-10-08","2026-10-08T17:10:59.516Z","2026-10-08T23:00:00Z","2026-10-08","https://www.nhl.com/news/nhl-lineup-projections-2026-27-season","matched",TRUE,"Thomas Chabot","skater",5,1,NA,8478469,"exact_normalized","D",NA,1,NA
"2026-10-08_170938_37814377293_1_3617b6eeb37d43feaa243fecfea3c139",2026020059,9,"OTT","2026-10-08","2026-10-08T17:10:59.516Z","2026-10-08T23:00:00Z","2026-10-08","https://www.nhl.com/news/nhl-lineup-projections-2026-27-season","matched",TRUE,"Jordan Spence","skater",5,2,NA,8481606,"exact_normalized","D",NA,1,NA
"2026-10-08_170938_37814377293_1_3617b6eeb37d43feaa243fecfea3c139",2026020059,9,"OTT","2026-10-08","2026-10-08T17:10:59.516Z","2026-10-08T23:00:00Z","2026-10-08","https://www.nhl.com/news/nhl-lineup-projections-2026-27-season","matched",TRUE,"Tyler Kleven","skater",6,1,NA,8482095,"exact_normalized","D",NA,2,NA
"2026-10-08_170938_37814377293_1_3617b6eeb37d43feaa243fecfea3c139",2026020059,9,"OTT","2026-10-08","2026-10-08T17:10:59.516Z","2026-10-08T23:00:00Z","2026-10-08","https://www.nhl.com/news/nhl-lineup-projections-2026-27-season","matched",TRUE,"Carter Yakemchuk","skater",6,2,NA,8484759,"exact_normalized","D",NA,2,NA
"2026-10-08_170938_37814377293_1_3617b6eeb37d43feaa243fecfea3c139",2026020059,9,"OTT","2026-10-08","2026-10-08T17:10:59.516Z","2026-10-08T23:00:00Z","2026-10-08","https://www.nhl.com/news/nhl-lineup-projections-2026-27-season","matched",TRUE,"Cameron Crotty","skater",7,1,NA,8480075,"exact_normalized","D",NA,3,NA
"2026-10-08_170938_37814377293_1_3617b6eeb37d43feaa243fecfea3c139",2026020059,9,"OTT","2026-10-08","2026-10-08T17:10:59.516Z","2026-10-08T23:00:00Z","2026-10-08","https://www.nhl.com/news/nhl-lineup-projections-2026-27-season","matched",TRUE,"Nikolas Matinpalo","skater",7,2,NA,8484321,"exact_normalized","D",NA,3,NA
"2026-10-08_170938_37814377293_1_3617b6eeb37d43feaa243fecfea3c139",2026020059,9,"OTT","2026-10-08","2026-10-08T17:10:59.516Z","2026-10-08T23:00:00Z","2026-10-08","https://www.nhl.com/news/nhl-lineup-projections-2026-27-season","matched",TRUE,"Linus Ullmark","starter",NA,NA,NA,8476999,"exact_normalized","G",NA,NA,NA
"2026-10-08_170938_37814377293_1_3617b6eeb37d43feaa243fecfea3c139",2026020059,9,"OTT","2026-10-08","2026-10-08T17:10:59.516Z","2026-10-08T23:00:00Z","2026-10-08","https://www.nhl.com/news/nhl-lineup-projections-2026-27-season","matched",TRUE,"Samuel Ersson","backup",NA,NA,NA,8481035,"exact_normalized","G",NA,NA,NA
"2026-10-08_170938_37814377293_1_3617b6eeb37d43feaa243fecfea3c139",2026020059,9,"OTT","2026-10-08","2026-10-08T17:10:59.516Z","2026-10-08T23:00:00Z","2026-10-08","https://www.nhl.com/news/nhl-lineup-projections-2026-27-season","matched",TRUE,"Hayden Hodgson","scratched",NA,NA,NA,8478173,"exact_normalized","F",NA,NA,NA
"2026-10-08_170938_37814377293_1_3617b6eeb37d43feaa243fecfea3c139",2026020059,9,"OTT","2026-10-08","2026-10-08T17:10:59.516Z","2026-10-08T23:00:00Z","2026-10-08","https://www.nhl.com/news/nhl-lineup-projections-2026-27-season","matched",TRUE,"Artem Zub","injured",NA,NA,"knee",NA,"unmatched",NA,NA,NA,"unmatched"
"2026-10-08_170938_37814377293_1_3617b6eeb37d43feaa243fecfea3c139",2026020059,9,"OTT","2026-10-08","2026-10-08T17:10:59.516Z","2026-10-08T23:00:00Z","2026-10-08","https://www.nhl.com/news/nhl-lineup-projections-2026-27-season","matched",TRUE,"Kurtis MacDermid","injured",NA,NA,"upper body",NA,"unmatched",NA,NA,NA,"unmatched"
"2026-10-08_170938_37814377293_1_3617b6eeb37d43feaa243fecfea3c139",2026020059,9,"OTT","2026-10-08","2026-10-08T17:10:59.516Z","2026-10-08T23:00:00Z","2026-10-08","https://www.nhl.com/news/nhl-lineup-projections-2026-27-season","matched",TRUE,"Andre Burakovsky","injured",NA,NA,"upper body",8477444,"exact_normalized","F",NA,NA,NA
"2026-10-08_170938_37814377293_1_3617b6eeb37d43feaa243fecfea3c139",2026020059,9,"OTT","2026-10-08","2026-10-08T17:10:59.516Z","2026-10-08T23:00:00Z","2026-10-08","https://www.nhl.com/news/nhl-lineup-projections-2026-27-season","matched",TRUE,"Jake Sanderson","injured",NA,NA,"undisclosed",8482105,"exact_normalized","D",NA,NA,NA
"2026-10-08_170938_37814377293_1_3617b6eeb37d43feaa243fecfea3c139",2026020061,23,"VAN","2026-10-08","2026-10-08T17:10:59.516Z","2026-10-08T23:00:00Z","2026-10-08","https://www.nhl.com/news/nhl-lineup-projections-2026-27-season","participant_unresolved",FALSE,"Jake DeBrusk","skater",1,1,NA,8478498,"exact_normalized","F",NA,NA,NA
"2026-10-08_170938_37814377293_1_3617b6eeb37d43feaa243fecfea3c139",2026020061,23,"VAN","2026-10-08","2026-10-08T17:10:59.516Z","2026-10-08T23:00:00Z","2026-10-08","https://www.nhl.com/news/nhl-lineup-projections-2026-27-season","participant_unresolved",FALSE,"Elias Pettersson","skater",1,2,NA,NA,"ambiguous",NA,NA,NA,"ambiguous"
"2026-10-08_170938_37814377293_1_3617b6eeb37d43feaa243fecfea3c139",2026020061,23,"VAN","2026-10-08","2026-10-08T17:10:59.516Z","2026-10-08T23:00:00Z","2026-10-08","https://www.nhl.com/news/nhl-lineup-projections-2026-27-season","participant_unresolved",FALSE,"Jonathan Lekkerimaki","skater",1,3,NA,8483476,"exact_normalized","F",NA,NA,NA
"2026-10-08_170938_37814377293_1_3617b6eeb37d43feaa243fecfea3c139",2026020061,23,"VAN","2026-10-08","2026-10-08T17:10:59.516Z","2026-10-08T23:00:00Z","2026-10-08","https://www.nhl.com/news/nhl-lineup-projections-2026-27-season","participant_unresolved",FALSE,"Paul Cotter","skater",2,1,NA,8481032,"exact_normalized","F",NA,NA,NA
"2026-10-08_170938_37814377293_1_3617b6eeb37d43feaa243fecfea3c139",2026020061,23,"VAN","2026-10-08","2026-10-08T17:10:59.516Z","2026-10-08T23:00:00Z","2026-10-08","https://www.nhl.com/news/nhl-lineup-projections-2026-27-season","participant_unresolved",FALSE,"Marco Rossi","skater",2,2,NA,8482079,"exact_normalized","F",NA,NA,NA
"2026-10-08_170938_37814377293_1_3617b6eeb37d43feaa243fecfea3c139",2026020061,23,"VAN","2026-10-08","2026-10-08T17:10:59.516Z","2026-10-08T23:00:00Z","2026-10-08","https://www.nhl.com/news/nhl-lineup-projections-2026-27-season","participant_unresolved",FALSE,"Brock Boeser","skater",2,3,NA,8478444,"exact_normalized","F",NA,NA,NA
"2026-10-08_170938_37814377293_1_3617b6eeb37d43feaa243fecfea3c139",2026020061,23,"VAN","2026-10-08","2026-10-08T17:10:59.516Z","2026-10-08T23:00:00Z","2026-10-08","https://www.nhl.com/news/nhl-lineup-projections-2026-27-season","participant_unresolved",FALSE,"Liam Ohgren","skater",3,1,NA,8483499,"exact_normalized","F",NA,NA,NA
"2026-10-08_170938_37814377293_1_3617b6eeb37d43feaa243fecfea3c139",2026020061,23,"VAN","2026-10-08","2026-10-08T17:10:59.516Z","2026-10-08T23:00:00Z","2026-10-08","https://www.nhl.com/news/nhl-lineup-projections-2026-27-season","participant_unresolved",FALSE,"Max Sasson","skater",3,2,NA,8484136,"exact_normalized","F",NA,NA,NA
"2026-10-08_170938_37814377293_1_3617b6eeb37d43feaa243fecfea3c139",2026020061,23,"VAN","2026-10-08","2026-10-08T17:10:59.516Z","2026-10-08T23:00:00Z","2026-10-08","https://www.nhl.com/news/nhl-lineup-projections-2026-27-season","participant_unresolved",FALSE,"Linus Karlsson","skater",3,3,NA,8481024,"exact_normalized","F",NA,NA,NA
"2026-10-08_170938_37814377293_1_3617b6eeb37d43feaa243fecfea3c139",2026020061,23,"VAN","2026-10-08","2026-10-08T17:10:59.516Z","2026-10-08T23:00:00Z","2026-10-08","https://www.nhl.com/news/nhl-lineup-projections-2026-27-season","participant_unresolved",FALSE,"Arshdeep Bains","skater",4,1,NA,8483395,"exact_normalized","F",NA,NA,NA
"2026-10-08_170938_37814377293_1_3617b6eeb37d43feaa243fecfea3c139",2026020061,23,"VAN","2026-10-08","2026-10-08T17:10:59.516Z","2026-10-08T23:00:00Z","2026-10-08","https://www.nhl.com/news/nhl-lineup-projections-2026-27-season","participant_unresolved",FALSE,"Drew O'Connor","skater",4,2,NA,8482055,"exact_normalized","F",NA,NA,NA
"2026-10-08_170938_37814377293_1_3617b6eeb37d43feaa243fecfea3c139",2026020061,23,"VAN","2026-10-08","2026-10-08T17:10:59.516Z","2026-10-08T23:00:00Z","2026-10-08","https://www.nhl.com/news/nhl-lineup-projections-2026-27-season","participant_unresolved",FALSE,"Aatu Raty","skater",4,3,NA,8482691,"exact_normalized","F",NA,NA,NA
"2026-10-08_170938_37814377293_1_3617b6eeb37d43feaa243fecfea3c139",2026020061,23,"VAN","2026-10-08","2026-10-08T17:10:59.516Z","2026-10-08T23:00:00Z","2026-10-08","https://www.nhl.com/news/nhl-lineup-projections-2026-27-season","participant_unresolved",FALSE,"Zeev Buium","skater",5,1,NA,8484798,"exact_normalized","D",NA,NA,NA
"2026-10-08_170938_37814377293_1_3617b6eeb37d43feaa243fecfea3c139",2026020061,23,"VAN","2026-10-08","2026-10-08T17:10:59.516Z","2026-10-08T23:00:00Z","2026-10-08","https://www.nhl.com/news/nhl-lineup-projections-2026-27-season","participant_unresolved",FALSE,"Filip Hronek","skater",5,2,NA,8479425,"exact_normalized","D",NA,NA,NA
"2026-10-08_170938_37814377293_1_3617b6eeb37d43feaa243fecfea3c139",2026020061,23,"VAN","2026-10-08","2026-10-08T17:10:59.516Z","2026-10-08T23:00:00Z","2026-10-08","https://www.nhl.com/news/nhl-lineup-projections-2026-27-season","participant_unresolved",FALSE,"Jamie Oleksiak","skater",6,1,NA,8476467,"exact_normalized","D",NA,NA,NA
"2026-10-08_170938_37814377293_1_3617b6eeb37d43feaa243fecfea3c139",2026020061,23,"VAN","2026-10-08","2026-10-08T17:10:59.516Z","2026-10-08T23:00:00Z","2026-10-08","https://www.nhl.com/news/nhl-lineup-projections-2026-27-season","participant_unresolved",FALSE,"Tom Willander","skater",6,2,NA,8484240,"exact_normalized","D",NA,NA,NA
"2026-10-08_170938_37814377293_1_3617b6eeb37d43feaa243fecfea3c139",2026020061,23,"VAN","2026-10-08","2026-10-08T17:10:59.516Z","2026-10-08T23:00:00Z","2026-10-08","https://www.nhl.com/news/nhl-lineup-projections-2026-27-season","participant_unresolved",FALSE,"Elias Pettersson","skater",7,1,NA,NA,"ambiguous",NA,NA,NA,"ambiguous"
"2026-10-08_170938_37814377293_1_3617b6eeb37d43feaa243fecfea3c139",2026020061,23,"VAN","2026-10-08","2026-10-08T17:10:59.516Z","2026-10-08T23:00:00Z","2026-10-08","https://www.nhl.com/news/nhl-lineup-projections-2026-27-season","participant_unresolved",FALSE,"Victor Mancini","skater",7,2,NA,8483768,"exact_normalized","D",NA,NA,NA
"2026-10-08_170938_37814377293_1_3617b6eeb37d43feaa243fecfea3c139",2026020061,23,"VAN","2026-10-08","2026-10-08T17:10:59.516Z","2026-10-08T23:00:00Z","2026-10-08","https://www.nhl.com/news/nhl-lineup-projections-2026-27-season","participant_unresolved",FALSE,"Kevin Lankinen","starter",NA,NA,NA,8480947,"exact_normalized","G",NA,NA,NA
"2026-10-08_170938_37814377293_1_3617b6eeb37d43feaa243fecfea3c139",2026020061,23,"VAN","2026-10-08","2026-10-08T17:10:59.516Z","2026-10-08T23:00:00Z","2026-10-08","https://www.nhl.com/news/nhl-lineup-projections-2026-27-season","participant_unresolved",FALSE,"Leevi Merilainen","backup",NA,NA,NA,8482447,"exact_normalized","G",NA,NA,NA
"2026-10-08_170938_37814377293_1_3617b6eeb37d43feaa243fecfea3c139",2026020061,23,"VAN","2026-10-08","2026-10-08T17:10:59.516Z","2026-10-08T23:00:00Z","2026-10-08","https://www.nhl.com/news/nhl-lineup-projections-2026-27-season","participant_unresolved",FALSE,"Brendan Gallagher","scratched",NA,NA,NA,8475848,"exact_normalized","F",NA,NA,NA
"2026-10-08_170938_37814377293_1_3617b6eeb37d43feaa243fecfea3c139",2026020061,23,"VAN","2026-10-08","2026-10-08T17:10:59.516Z","2026-10-08T23:00:00Z","2026-10-08","https://www.nhl.com/news/nhl-lineup-projections-2026-27-season","participant_unresolved",FALSE,"Guillaume Brisebois","scratched",NA,NA,NA,8478465,"exact_normalized","D",NA,NA,NA
"2026-10-08_170938_37814377293_1_3617b6eeb37d43feaa243fecfea3c139",2026020061,23,"VAN","2026-10-08","2026-10-08T17:10:59.516Z","2026-10-08T23:00:00Z","2026-10-08","https://www.nhl.com/news/nhl-lineup-projections-2026-27-season","participant_unresolved",FALSE,"Thatcher Demko","injured",NA,NA,"hip",8477967,"exact_normalized","G",NA,NA,NA
"2026-10-08_170938_37814377293_1_3617b6eeb37d43feaa243fecfea3c139",2026020061,23,"VAN","2026-10-08","2026-10-08T17:10:59.516Z","2026-10-08T23:00:00Z","2026-10-08","https://www.nhl.com/news/nhl-lineup-projections-2026-27-season","participant_unresolved",FALSE,"Filip Chytil","injured",NA,NA,"shoulder",8480078,"exact_normalized","F",NA,NA,NA
"2026-10-08_170938_37814377293_1_3617b6eeb37d43feaa243fecfea3c139",2026020061,12,"CAR","2026-10-08","2026-10-08T17:10:59.516Z","2026-10-08T23:00:00Z","2026-10-08","https://www.nhl.com/news/nhl-lineup-projections-2026-27-season","participant_unresolved",FALSE,"William Carrier","skater",1,1,NA,8477478,"exact_normalized","F",NA,NA,NA
"2026-10-08_170938_37814377293_1_3617b6eeb37d43feaa243fecfea3c139",2026020061,12,"CAR","2026-10-08","2026-10-08T17:10:59.516Z","2026-10-08T23:00:00Z","2026-10-08","https://www.nhl.com/news/nhl-lineup-projections-2026-27-season","participant_unresolved",FALSE,"Sebastian Aho","skater",1,2,NA,8478427,"exact_normalized","F",NA,NA,NA
"2026-10-08_170938_37814377293_1_3617b6eeb37d43feaa243fecfea3c139",2026020061,12,"CAR","2026-10-08","2026-10-08T17:10:59.516Z","2026-10-08T23:00:00Z","2026-10-08","https://www.nhl.com/news/nhl-lineup-projections-2026-27-season","participant_unresolved",FALSE,"Andrei Svechnikov","skater",1,3,NA,8480830,"exact_normalized","F",NA,NA,NA
"2026-10-08_170938_37814377293_1_3617b6eeb37d43feaa243fecfea3c139",2026020061,12,"CAR","2026-10-08","2026-10-08T17:10:59.516Z","2026-10-08T23:00:00Z","2026-10-08","https://www.nhl.com/news/nhl-lineup-projections-2026-27-season","participant_unresolved",FALSE,"Taylor Hall","skater",2,1,NA,8475791,"exact_normalized","F",NA,NA,NA
"2026-10-08_170938_37814377293_1_3617b6eeb37d43feaa243fecfea3c139",2026020061,12,"CAR","2026-10-08","2026-10-08T17:10:59.516Z","2026-10-08T23:00:00Z","2026-10-08","https://www.nhl.com/news/nhl-lineup-projections-2026-27-season","participant_unresolved",FALSE,"Logan Stankoven","skater",2,2,NA,8482702,"exact_normalized","F",NA,NA,NA
"2026-10-08_170938_37814377293_1_3617b6eeb37d43feaa243fecfea3c139",2026020061,12,"CAR","2026-10-08","2026-10-08T17:10:59.516Z","2026-10-08T23:00:00Z","2026-10-08","https://www.nhl.com/news/nhl-lineup-projections-2026-27-season","participant_unresolved",FALSE,"Jackson Blake","skater",2,3,NA,8482809,"exact_normalized","F",NA,NA,NA
"2026-10-08_170938_37814377293_1_3617b6eeb37d43feaa243fecfea3c139",2026020061,12,"CAR","2026-10-08","2026-10-08T17:10:59.516Z","2026-10-08T23:00:00Z","2026-10-08","https://www.nhl.com/news/nhl-lineup-projections-2026-27-season","participant_unresolved",FALSE,"Nikolaj Ehlers","skater",3,1,NA,8477940,"exact_normalized","F",NA,NA,NA
"2026-10-08_170938_37814377293_1_3617b6eeb37d43feaa243fecfea3c139",2026020061,12,"CAR","2026-10-08","2026-10-08T17:10:59.516Z","2026-10-08T23:00:00Z","2026-10-08","https://www.nhl.com/news/nhl-lineup-projections-2026-27-season","participant_unresolved",FALSE,"Jordan Staal","skater",3,2,NA,8473533,"exact_normalized","F",NA,NA,NA
"2026-10-08_170938_37814377293_1_3617b6eeb37d43feaa243fecfea3c139",2026020061,12,"CAR","2026-10-08","2026-10-08T17:10:59.516Z","2026-10-08T23:00:00Z","2026-10-08","https://www.nhl.com/news/nhl-lineup-projections-2026-27-season","participant_unresolved",FALSE,"Jordan Martinook","skater",3,3,NA,8476921,"exact_normalized","F",NA,NA,NA
"2026-10-08_170938_37814377293_1_3617b6eeb37d43feaa243fecfea3c139",2026020061,12,"CAR","2026-10-08","2026-10-08T17:10:59.516Z","2026-10-08T23:00:00Z","2026-10-08","https://www.nhl.com/news/nhl-lineup-projections-2026-27-season","participant_unresolved",FALSE,"Jesperi Kotkaniemi","skater",4,1,NA,8480829,"exact_normalized","F",NA,NA,NA
"2026-10-08_170938_37814377293_1_3617b6eeb37d43feaa243fecfea3c139",2026020061,12,"CAR","2026-10-08","2026-10-08T17:10:59.516Z","2026-10-08T23:00:00Z","2026-10-08","https://www.nhl.com/news/nhl-lineup-projections-2026-27-season","participant_unresolved",FALSE,"Mark Jankowski","skater",4,2,NA,8476873,"exact_normalized","F",NA,NA,NA
"2026-10-08_170938_37814377293_1_3617b6eeb37d43feaa243fecfea3c139",2026020061,12,"CAR","2026-10-08","2026-10-08T17:10:59.516Z","2026-10-08T23:00:00Z","2026-10-08","https://www.nhl.com/news/nhl-lineup-projections-2026-27-season","participant_unresolved",FALSE,"Eric Robinson","skater",4,3,NA,8480762,"exact_normalized","F",NA,NA,NA
"2026-10-08_170938_37814377293_1_3617b6eeb37d43feaa243fecfea3c139",2026020061,12,"CAR","2026-10-08","2026-10-08T17:10:59.516Z","2026-10-08T23:00:00Z","2026-10-08","https://www.nhl.com/news/nhl-lineup-projections-2026-27-season","participant_unresolved",FALSE,"Jaccob Slavin","skater",5,1,NA,8476958,"exact_normalized","D",NA,NA,NA
"2026-10-08_170938_37814377293_1_3617b6eeb37d43feaa243fecfea3c139",2026020061,12,"CAR","2026-10-08","2026-10-08T17:10:59.516Z","2026-10-08T23:00:00Z","2026-10-08","https://www.nhl.com/news/nhl-lineup-projections-2026-27-season","participant_unresolved",FALSE,"Jacob Chatfield","skater",5,2,NA,NA,"unmatched",NA,NA,NA,"unmatched"
"2026-10-08_170938_37814377293_1_3617b6eeb37d43feaa243fecfea3c139",2026020061,12,"CAR","2026-10-08","2026-10-08T17:10:59.516Z","2026-10-08T23:00:00Z","2026-10-08","https://www.nhl.com/news/nhl-lineup-projections-2026-27-season","participant_unresolved",FALSE,"K’Andre Miller","skater",6,1,NA,8480817,"exact_normalized","D",NA,NA,NA
"2026-10-08_170938_37814377293_1_3617b6eeb37d43feaa243fecfea3c139",2026020061,12,"CAR","2026-10-08","2026-10-08T17:10:59.516Z","2026-10-08T23:00:00Z","2026-10-08","https://www.nhl.com/news/nhl-lineup-projections-2026-27-season","participant_unresolved",FALSE,"Sean Walker","skater",6,2,NA,8480336,"exact_normalized","D",NA,NA,NA
"2026-10-08_170938_37814377293_1_3617b6eeb37d43feaa243fecfea3c139",2026020061,12,"CAR","2026-10-08","2026-10-08T17:10:59.516Z","2026-10-08T23:00:00Z","2026-10-08","https://www.nhl.com/news/nhl-lineup-projections-2026-27-season","participant_unresolved",FALSE,"Shayne Gostisbehere","skater",7,1,NA,8476906,"exact_normalized","D",NA,NA,NA
"2026-10-08_170938_37814377293_1_3617b6eeb37d43feaa243fecfea3c139",2026020061,12,"CAR","2026-10-08","2026-10-08T17:10:59.516Z","2026-10-08T23:00:00Z","2026-10-08","https://www.nhl.com/news/nhl-lineup-projections-2026-27-season","participant_unresolved",FALSE,"Mike Reilly","skater",7,2,NA,8476422,"exact_normalized","D",NA,NA,NA
"2026-10-08_170938_37814377293_1_3617b6eeb37d43feaa243fecfea3c139",2026020061,12,"CAR","2026-10-08","2026-10-08T17:10:59.516Z","2026-10-08T23:00:00Z","2026-10-08","https://www.nhl.com/news/nhl-lineup-projections-2026-27-season","participant_unresolved",FALSE,"Brandon Bussi","starter",NA,NA,NA,8483548,"exact_normalized","G",NA,NA,NA
"2026-10-08_170938_37814377293_1_3617b6eeb37d43feaa243fecfea3c139",2026020061,12,"CAR","2026-10-08","2026-10-08T17:10:59.516Z","2026-10-08T23:00:00Z","2026-10-08","https://www.nhl.com/news/nhl-lineup-projections-2026-27-season","participant_unresolved",FALSE,"Pyotr Kochetkov","backup",NA,NA,NA,8481611,"exact_normalized","G",NA,NA,NA
"2026-10-08_170938_37814377293_1_3617b6eeb37d43feaa243fecfea3c139",2026020061,12,"CAR","2026-10-08","2026-10-08T17:10:59.516Z","2026-10-08T23:00:00Z","2026-10-08","https://www.nhl.com/news/nhl-lineup-projections-2026-27-season","participant_unresolved",FALSE,"Nicolas Deslauriers","scratched",NA,NA,NA,8475235,"exact_normalized","F",NA,NA,NA
"2026-10-08_170938_37814377293_1_3617b6eeb37d43feaa243fecfea3c139",2026020061,12,"CAR","2026-10-08","2026-10-08T17:10:59.516Z","2026-10-08T23:00:00Z","2026-10-08","https://www.nhl.com/news/nhl-lineup-projections-2026-27-season","participant_unresolved",FALSE,"Juuso Valimaki","scratched",NA,NA,NA,8479976,"exact_normalized","D",NA,NA,NA
"2026-10-08_170938_37814377293_1_3617b6eeb37d43feaa243fecfea3c139",2026020061,12,"CAR","2026-10-08","2026-10-08T17:10:59.516Z","2026-10-08T23:00:00Z","2026-10-08","https://www.nhl.com/news/nhl-lineup-projections-2026-27-season","participant_unresolved",FALSE,"Seth Jarvis","injured",NA,NA,"shoulder",NA,"unmatched",NA,NA,NA,"unmatched"
"2026-10-08_170938_37814377293_1_3617b6eeb37d43feaa243fecfea3c139",2026020062,16,"CHI","2026-10-08","2026-10-08T17:10:59.516Z","2026-10-08T23:30:00Z","2026-10-08","https://www.nhl.com/news/nhl-lineup-projections-2026-27-season","participant_unresolved",FALSE,"Oliver Moore","skater",1,1,NA,8484197,"exact_normalized","F",NA,NA,NA
"2026-10-08_170938_37814377293_1_3617b6eeb37d43feaa243fecfea3c139",2026020062,16,"CHI","2026-10-08","2026-10-08T17:10:59.516Z","2026-10-08T23:30:00Z","2026-10-08","https://www.nhl.com/news/nhl-lineup-projections-2026-27-season","participant_unresolved",FALSE,"Frank Nazar","skater",1,2,NA,8483493,"exact_normalized","F",NA,NA,NA
"2026-10-08_170938_37814377293_1_3617b6eeb37d43feaa243fecfea3c139",2026020062,16,"CHI","2026-10-08","2026-10-08T17:10:59.516Z","2026-10-08T23:30:00Z","2026-10-08","https://www.nhl.com/news/nhl-lineup-projections-2026-27-season","participant_unresolved",FALSE,"Patrick Kane","skater",1,3,NA,8474141,"exact_normalized","F",NA,NA,NA
"2026-10-08_170938_37814377293_1_3617b6eeb37d43feaa243fecfea3c139",2026020062,16,"CHI","2026-10-08","2026-10-08T17:10:59.516Z","2026-10-08T23:30:00Z","2026-10-08","https://www.nhl.com/news/nhl-lineup-projections-2026-27-season","participant_unresolved",FALSE,"Tyler Bertuzzi","skater",2,1,NA,8477479,"exact_normalized","F",NA,NA,NA
"2026-10-08_170938_37814377293_1_3617b6eeb37d43feaa243fecfea3c139",2026020062,16,"CHI","2026-10-08","2026-10-08T17:10:59.516Z","2026-10-08T23:30:00Z","2026-10-08","https://www.nhl.com/news/nhl-lineup-projections-2026-27-season","participant_unresolved",FALSE,"Anton Frondell","skater",2,2,NA,8485391,"exact_normalized","F",NA,NA,NA
"2026-10-08_170938_37814377293_1_3617b6eeb37d43feaa243fecfea3c139",2026020062,16,"CHI","2026-10-08","2026-10-08T17:10:59.516Z","2026-10-08T23:30:00Z","2026-10-08","https://www.nhl.com/news/nhl-lineup-projections-2026-27-season","participant_unresolved",FALSE,"Roman Kantserov","skater",2,3,NA,8484390,"exact_normalized","F",NA,NA,NA
"2026-10-08_170938_37814377293_1_3617b6eeb37d43feaa243fecfea3c139",2026020062,16,"CHI","2026-10-08","2026-10-08T17:10:59.516Z","2026-10-08T23:30:00Z","2026-10-08","https://www.nhl.com/news/nhl-lineup-projections-2026-27-season","participant_unresolved",FALSE,"Cole Smith","skater",3,1,NA,8482062,"exact_normalized","F",NA,NA,NA
"2026-10-08_170938_37814377293_1_3617b6eeb37d43feaa243fecfea3c139",2026020062,16,"CHI","2026-10-08","2026-10-08T17:10:59.516Z","2026-10-08T23:30:00Z","2026-10-08","https://www.nhl.com/news/nhl-lineup-projections-2026-27-season","participant_unresolved",FALSE,"Ryan Greene","skater",3,2,NA,8483450,"exact_normalized","F",NA,NA,NA
"2026-10-08_170938_37814377293_1_3617b6eeb37d43feaa243fecfea3c139",2026020062,16,"CHI","2026-10-08","2026-10-08T17:10:59.516Z","2026-10-08T23:30:00Z","2026-10-08","https://www.nhl.com/news/nhl-lineup-projections-2026-27-season","participant_unresolved",FALSE,"Jordan Greenway","skater",3,3,NA,8478413,"exact_normalized","F",NA,NA,NA
"2026-10-08_170938_37814377293_1_3617b6eeb37d43feaa243fecfea3c139",2026020062,16,"CHI","2026-10-08","2026-10-08T17:10:59.516Z","2026-10-08T23:30:00Z","2026-10-08","https://www.nhl.com/news/nhl-lineup-projections-2026-27-season","participant_unresolved",FALSE,"Ryan Donato","skater",4,1,NA,8477987,"exact_normalized","F",NA,NA,NA
"2026-10-08_170938_37814377293_1_3617b6eeb37d43feaa243fecfea3c139",2026020062,16,"CHI","2026-10-08","2026-10-08T17:10:59.516Z","2026-10-08T23:30:00Z","2026-10-08","https://www.nhl.com/news/nhl-lineup-projections-2026-27-season","participant_unresolved",FALSE,"Dominic Toninato","skater",4,2,NA,NA,"unmatched",NA,NA,NA,"unmatched"
"2026-10-08_170938_37814377293_1_3617b6eeb37d43feaa243fecfea3c139",2026020062,16,"CHI","2026-10-08","2026-10-08T17:10:59.516Z","2026-10-08T23:30:00Z","2026-10-08","https://www.nhl.com/news/nhl-lineup-projections-2026-27-season","participant_unresolved",FALSE,"Nick Lardis","skater",4,3,NA,8484185,"exact_normalized","F",NA,NA,NA
"2026-10-08_170938_37814377293_1_3617b6eeb37d43feaa243fecfea3c139",2026020062,16,"CHI","2026-10-08","2026-10-08T17:10:59.516Z","2026-10-08T23:30:00Z","2026-10-08","https://www.nhl.com/news/nhl-lineup-projections-2026-27-season","participant_unresolved",FALSE,"Bowen Byram","skater",5,1,NA,8481524,"exact_normalized","D",NA,NA,NA
"2026-10-08_170938_37814377293_1_3617b6eeb37d43feaa243fecfea3c139",2026020062,16,"CHI","2026-10-08","2026-10-08T17:10:59.516Z","2026-10-08T23:30:00Z","2026-10-08","https://www.nhl.com/news/nhl-lineup-projections-2026-27-season","participant_unresolved",FALSE,"Artyom Levshunov","skater",5,2,NA,8484783,"exact_normalized","D",NA,NA,NA
"2026-10-08_170938_37814377293_1_3617b6eeb37d43feaa243fecfea3c139",2026020062,16,"CHI","2026-10-08","2026-10-08T17:10:59.516Z","2026-10-08T23:30:00Z","2026-10-08","https://www.nhl.com/news/nhl-lineup-projections-2026-27-season","participant_unresolved",FALSE,"Alex Vlasic","skater",6,1,NA,8481568,"exact_normalized","D",NA,NA,NA
"2026-10-08_170938_37814377293_1_3617b6eeb37d43feaa243fecfea3c139",2026020062,16,"CHI","2026-10-08","2026-10-08T17:10:59.516Z","2026-10-08T23:30:00Z","2026-10-08","https://www.nhl.com/news/nhl-lineup-projections-2026-27-season","participant_unresolved",FALSE,"Ian Cole","skater",6,2,NA,8474013,"exact_normalized","D",NA,NA,NA
"2026-10-08_170938_37814377293_1_3617b6eeb37d43feaa243fecfea3c139",2026020062,16,"CHI","2026-10-08","2026-10-08T17:10:59.516Z","2026-10-08T23:30:00Z","2026-10-08","https://www.nhl.com/news/nhl-lineup-projections-2026-27-season","participant_unresolved",FALSE,"Wyatt Kaiser","skater",7,1,NA,8482176,"exact_normalized","D",NA,NA,NA
"2026-10-08_170938_37814377293_1_3617b6eeb37d43feaa243fecfea3c139",2026020062,16,"CHI","2026-10-08","2026-10-08T17:10:59.516Z","2026-10-08T23:30:00Z","2026-10-08","https://www.nhl.com/news/nhl-lineup-projections-2026-27-season","participant_unresolved",FALSE,"Sam Rinzel","skater",7,2,NA,8483506,"exact_normalized","D",NA,NA,NA
"2026-10-08_170938_37814377293_1_3617b6eeb37d43feaa243fecfea3c139",2026020062,16,"CHI","2026-10-08","2026-10-08T17:10:59.516Z","2026-10-08T23:30:00Z","2026-10-08","https://www.nhl.com/news/nhl-lineup-projections-2026-27-season","participant_unresolved",FALSE,"Arvid Soderblom","starter",NA,NA,NA,8482821,"exact_normalized","G",NA,NA,NA
"2026-10-08_170938_37814377293_1_3617b6eeb37d43feaa243fecfea3c139",2026020062,16,"CHI","2026-10-08","2026-10-08T17:10:59.516Z","2026-10-08T23:30:00Z","2026-10-08","https://www.nhl.com/news/nhl-lineup-projections-2026-27-season","participant_unresolved",FALSE,"Spencer Knight","backup",NA,NA,NA,8481519,"exact_normalized","G",NA,NA,NA
"2026-10-08_170938_37814377293_1_3617b6eeb37d43feaa243fecfea3c139",2026020062,16,"CHI","2026-10-08","2026-10-08T17:10:59.516Z","2026-10-08T23:30:00Z","2026-10-08","https://www.nhl.com/news/nhl-lineup-projections-2026-27-season","participant_unresolved",FALSE,"Kevin Korchinski","scratched",NA,NA,NA,8483466,"exact_normalized","D",NA,NA,NA
"2026-10-08_170938_37814377293_1_3617b6eeb37d43feaa243fecfea3c139",2026020062,16,"CHI","2026-10-08","2026-10-08T17:10:59.516Z","2026-10-08T23:30:00Z","2026-10-08","https://www.nhl.com/news/nhl-lineup-projections-2026-27-season","participant_unresolved",FALSE,"Ethan Del Mastro","scratched",NA,NA,NA,8482807,"exact_normalized","D",NA,NA,NA
"2026-10-08_170938_37814377293_1_3617b6eeb37d43feaa243fecfea3c139",2026020062,16,"CHI","2026-10-08","2026-10-08T17:10:59.516Z","2026-10-08T23:30:00Z","2026-10-08","https://www.nhl.com/news/nhl-lineup-projections-2026-27-season","participant_unresolved",FALSE,"Connor Bedard","injured",NA,NA,"shoulder",8484144,"exact_normalized","F",NA,NA,NA
"2026-10-08_170938_37814377293_1_3617b6eeb37d43feaa243fecfea3c139",2026020062,16,"CHI","2026-10-08","2026-10-08T17:10:59.516Z","2026-10-08T23:30:00Z","2026-10-08","https://www.nhl.com/news/nhl-lineup-projections-2026-27-season","participant_unresolved",FALSE,"Andrew Mangiapane","injured",NA,NA,"lower body",8478233,"exact_normalized","F",NA,NA,NA
"2026-10-08_170938_37814377293_1_3617b6eeb37d43feaa243fecfea3c139",2026020062,16,"CHI","2026-10-08","2026-10-08T17:10:59.516Z","2026-10-08T23:30:00Z","2026-10-08","https://www.nhl.com/news/nhl-lineup-projections-2026-27-season","participant_unresolved",FALSE,"Teuvo Teravainen","injured",NA,NA,"lower body",8476882,"exact_normalized","F",NA,NA,NA
"2026-10-08_170938_37814377293_1_3617b6eeb37d43feaa243fecfea3c139",2026020062,2,"NYI","2026-10-08","2026-10-08T17:10:59.516Z","2026-10-08T23:30:00Z","2026-10-08","https://www.nhl.com/news/nhl-lineup-projections-2026-27-season","participant_unresolved",FALSE,"Emil Heineman","skater",1,1,NA,8482476,"exact_normalized","F",NA,NA,NA
"2026-10-08_170938_37814377293_1_3617b6eeb37d43feaa243fecfea3c139",2026020062,2,"NYI","2026-10-08","2026-10-08T17:10:59.516Z","2026-10-08T23:30:00Z","2026-10-08","https://www.nhl.com/news/nhl-lineup-projections-2026-27-season","participant_unresolved",FALSE,"Bo Horvat","skater",1,2,NA,8477500,"exact_normalized","F",NA,NA,NA
"2026-10-08_170938_37814377293_1_3617b6eeb37d43feaa243fecfea3c139",2026020062,2,"NYI","2026-10-08","2026-10-08T17:10:59.516Z","2026-10-08T23:30:00Z","2026-10-08","https://www.nhl.com/news/nhl-lineup-projections-2026-27-season","participant_unresolved",FALSE,"Kyle Palmieri","skater",1,3,NA,8475151,"exact_normalized","F",NA,NA,NA
"2026-10-08_170938_37814377293_1_3617b6eeb37d43feaa243fecfea3c139",2026020062,2,"NYI","2026-10-08","2026-10-08T17:10:59.516Z","2026-10-08T23:30:00Z","2026-10-08","https://www.nhl.com/news/nhl-lineup-projections-2026-27-season","participant_unresolved",FALSE,"Brayden Schenn","skater",2,1,NA,8475170,"exact_normalized","F",NA,NA,NA
"2026-10-08_170938_37814377293_1_3617b6eeb37d43feaa243fecfea3c139",2026020062,2,"NYI","2026-10-08","2026-10-08T17:10:59.516Z","2026-10-08T23:30:00Z","2026-10-08","https://www.nhl.com/news/nhl-lineup-projections-2026-27-season","participant_unresolved",FALSE,"Cal Ritchie","skater",2,2,NA,NA,"unmatched",NA,NA,NA,"unmatched"
"2026-10-08_170938_37814377293_1_3617b6eeb37d43feaa243fecfea3c139",2026020062,2,"NYI","2026-10-08","2026-10-08T17:10:59.516Z","2026-10-08T23:30:00Z","2026-10-08","https://www.nhl.com/news/nhl-lineup-projections-2026-27-season","participant_unresolved",FALSE,"Victor Eklund","skater",2,3,NA,8485388,"exact_normalized","F",NA,NA,NA
"2026-10-08_170938_37814377293_1_3617b6eeb37d43feaa243fecfea3c139",2026020062,2,"NYI","2026-10-08","2026-10-08T17:10:59.516Z","2026-10-08T23:30:00Z","2026-10-08","https://www.nhl.com/news/nhl-lineup-projections-2026-27-season","participant_unresolved",FALSE,"Simon Holmstrom","skater",3,1,NA,8481601,"exact_normalized","F",NA,NA,NA
"2026-10-08_170938_37814377293_1_3617b6eeb37d43feaa243fecfea3c139",2026020062,2,"NYI","2026-10-08","2026-10-08T17:10:59.516Z","2026-10-08T23:30:00Z","2026-10-08","https://www.nhl.com/news/nhl-lineup-projections-2026-27-season","participant_unresolved",FALSE,"Jean-Gabriel Pageau","skater",3,2,NA,8476419,"exact_normalized","F",NA,NA,NA
"2026-10-08_170938_37814377293_1_3617b6eeb37d43feaa243fecfea3c139",2026020062,2,"NYI","2026-10-08","2026-10-08T17:10:59.516Z","2026-10-08T23:30:00Z","2026-10-08","https://www.nhl.com/news/nhl-lineup-projections-2026-27-season","participant_unresolved",FALSE,"Anthony Duclair","skater",3,3,NA,8477407,"exact_normalized","F",NA,NA,NA
"2026-10-08_170938_37814377293_1_3617b6eeb37d43feaa243fecfea3c139",2026020062,2,"NYI","2026-10-08","2026-10-08T17:10:59.516Z","2026-10-08T23:30:00Z","2026-10-08","https://www.nhl.com/news/nhl-lineup-projections-2026-27-season","participant_unresolved",FALSE,"Ondrej Palat","skater",4,1,NA,8476292,"exact_normalized","F",NA,NA,NA
"2026-10-08_170938_37814377293_1_3617b6eeb37d43feaa243fecfea3c139",2026020062,2,"NYI","2026-10-08","2026-10-08T17:10:59.516Z","2026-10-08T23:30:00Z","2026-10-08","https://www.nhl.com/news/nhl-lineup-projections-2026-27-season","participant_unresolved",FALSE,"Casey Cizikas","skater",4,2,NA,8475231,"exact_normalized","F",NA,NA,NA
"2026-10-08_170938_37814377293_1_3617b6eeb37d43feaa243fecfea3c139",2026020062,2,"NYI","2026-10-08","2026-10-08T17:10:59.516Z","2026-10-08T23:30:00Z","2026-10-08","https://www.nhl.com/news/nhl-lineup-projections-2026-27-season","participant_unresolved",FALSE,"Matias Maccelli","skater",4,3,NA,8481711,"exact_normalized","F",NA,NA,NA
"2026-10-08_170938_37814377293_1_3617b6eeb37d43feaa243fecfea3c139",2026020062,2,"NYI","2026-10-08","2026-10-08T17:10:59.516Z","2026-10-08T23:30:00Z","2026-10-08","https://www.nhl.com/news/nhl-lineup-projections-2026-27-season","participant_unresolved",FALSE,"Logan Stanley","skater",5,1,NA,8479378,"exact_normalized","D",NA,NA,NA
"2026-10-08_170938_37814377293_1_3617b6eeb37d43feaa243fecfea3c139",2026020062,2,"NYI","2026-10-08","2026-10-08T17:10:59.516Z","2026-10-08T23:30:00Z","2026-10-08","https://www.nhl.com/news/nhl-lineup-projections-2026-27-season","participant_unresolved",FALSE,"Matthew Schaefer","skater",5,2,NA,8485366,"exact_normalized","D",NA,NA,NA
"2026-10-08_170938_37814377293_1_3617b6eeb37d43feaa243fecfea3c139",2026020062,2,"NYI","2026-10-08","2026-10-08T17:10:59.516Z","2026-10-08T23:30:00Z","2026-10-08","https://www.nhl.com/news/nhl-lineup-projections-2026-27-season","participant_unresolved",FALSE,"Adam Pelech","skater",6,1,NA,8476917,"exact_normalized","D",NA,NA,NA
"2026-10-08_170938_37814377293_1_3617b6eeb37d43feaa243fecfea3c139",2026020062,2,"NYI","2026-10-08","2026-10-08T17:10:59.516Z","2026-10-08T23:30:00Z","2026-10-08","https://www.nhl.com/news/nhl-lineup-projections-2026-27-season","participant_unresolved",FALSE,"Ryan Pulock","skater",6,2,NA,8477506,"exact_normalized","D",NA,NA,NA
"2026-10-08_170938_37814377293_1_3617b6eeb37d43feaa243fecfea3c139",2026020062,2,"NYI","2026-10-08","2026-10-08T17:10:59.516Z","2026-10-08T23:30:00Z","2026-10-08","https://www.nhl.com/news/nhl-lineup-projections-2026-27-season","participant_unresolved",FALSE,"Tony DeAngelo","skater",7,1,NA,8477950,"exact_normalized","D",NA,NA,NA
"2026-10-08_170938_37814377293_1_3617b6eeb37d43feaa243fecfea3c139",2026020062,2,"NYI","2026-10-08","2026-10-08T17:10:59.516Z","2026-10-08T23:30:00Z","2026-10-08","https://www.nhl.com/news/nhl-lineup-projections-2026-27-season","participant_unresolved",FALSE,"Scott Mayfield","skater",7,2,NA,8476429,"exact_normalized","D",NA,NA,NA
"2026-10-08_170938_37814377293_1_3617b6eeb37d43feaa243fecfea3c139",2026020062,2,"NYI","2026-10-08","2026-10-08T17:10:59.516Z","2026-10-08T23:30:00Z","2026-10-08","https://www.nhl.com/news/nhl-lineup-projections-2026-27-season","participant_unresolved",FALSE,"Ilya Sorokin","starter",NA,NA,NA,8478009,"exact_normalized","G",NA,NA,NA
"2026-10-08_170938_37814377293_1_3617b6eeb37d43feaa243fecfea3c139",2026020062,2,"NYI","2026-10-08","2026-10-08T17:10:59.516Z","2026-10-08T23:30:00Z","2026-10-08","https://www.nhl.com/news/nhl-lineup-projections-2026-27-season","participant_unresolved",FALSE,"Semyon Varlamov","backup",NA,NA,NA,8473575,"exact_normalized","G",NA,NA,NA
"2026-10-08_170938_37814377293_1_3617b6eeb37d43feaa243fecfea3c139",2026020062,2,"NYI","2026-10-08","2026-10-08T17:10:59.516Z","2026-10-08T23:30:00Z","2026-10-08","https://www.nhl.com/news/nhl-lineup-projections-2026-27-season","participant_unresolved",FALSE,"Kyle MacLean","scratched",NA,NA,NA,8481237,"exact_normalized","F",NA,NA,NA
"2026-10-08_170938_37814377293_1_3617b6eeb37d43feaa243fecfea3c139",2026020062,2,"NYI","2026-10-08","2026-10-08T17:10:59.516Z","2026-10-08T23:30:00Z","2026-10-08","https://www.nhl.com/news/nhl-lineup-projections-2026-27-season","participant_unresolved",FALSE,"Matt Kessel","scratched",NA,NA,NA,NA,"unmatched",NA,NA,NA,"unmatched"
"2026-10-08_170938_37814377293_1_3617b6eeb37d43feaa243fecfea3c139",2026020062,2,"NYI","2026-10-08","2026-10-08T17:10:59.516Z","2026-10-08T23:30:00Z","2026-10-08","https://www.nhl.com/news/nhl-lineup-projections-2026-27-season","participant_unresolved",FALSE,"Mathew Barzal","injured",NA,NA,"knee",NA,"unmatched",NA,NA,NA,"unmatched"
"2026-10-08_170938_37814377293_1_3617b6eeb37d43feaa243fecfea3c139",2026020062,2,"NYI","2026-10-08","2026-10-08T17:10:59.516Z","2026-10-08T23:30:00Z","2026-10-08","https://www.nhl.com/news/nhl-lineup-projections-2026-27-season","participant_unresolved",FALSE,"Alexander Romanov","injured",NA,NA,"knee",8481014,"exact_normalized","D",NA,NA,NA
