"observation_id","game_id","teamId","team_abbrev","game_date","retrieved_at","startTimeUTC","article_date","source_url","projection_status","eligible_for_backtest","scope","matchup","status_notes","scratched_text","injured_text"
"2026-10-10_180157_38074132924_1_17a65d0afd5e42418df207b044e3357a",2026020070,4,"PHI","2026-10-10","2026-10-10T18:03:39.882Z","2026-10-10T17:00:00Z","2026-10-10","https://www.nhl.com/news/nhl-lineup-projections-2026-27-season","not_pregame",FALSE,"matchup","FLYERS (0-3-2) at BRUINS (3-2-0)","The Flyers did not practice Friday following a 2-1 loss at the Ottawa Senators on Thursday. ... Forwards Konecny and York will not play and are each day to day. Ristolainen was placed on injured reserve retroactive to Oct. 3. ... Grebenkin had back surgery and will be out at least four months. ... McAvoy will serve the final game of a six-game suspension, which the defenseman received for slashing Buffalo Sabres forward Zach Benson during Game 6 of the Eastern Conference First Round last season.","Scratched: Garrett Wilson","Injured: Nikita Grebenkin (back), Rasmus Ristolainen (upper body), Travis Konecny (lower body), Cam York (upper body)"
"2026-10-10_180157_38074132924_1_17a65d0afd5e42418df207b044e3357a",2026020070,6,"BOS","2026-10-10","2026-10-10T18:03:39.882Z","2026-10-10T17:00:00Z","2026-10-10","https://www.nhl.com/news/nhl-lineup-projections-2026-27-season","not_pregame",FALSE,"matchup","FLYERS (0-3-2) at BRUINS (3-2-0)","The Flyers did not practice Friday following a 2-1 loss at the Ottawa Senators on Thursday. ... Forwards Konecny and York will not play and are each day to day. Ristolainen was placed on injured reserve retroactive to Oct. 3. ... Grebenkin had back surgery and will be out at least four months. ... McAvoy will serve the final game of a six-game suspension, which the defenseman received for slashing Buffalo Sabres forward Zach Benson during Game 6 of the Eastern Conference First Round last season.","Scratched: Jonathan Aspirot, Sean Kuraly","Injured: None"
"2026-10-10_180157_38074132924_1_17a65d0afd5e42418df207b044e3357a",2026020071,23,"VAN","2026-10-10","2026-10-10T18:03:39.882Z","2026-10-10T19:30:00Z","2026-10-10","https://www.nhl.com/news/nhl-lineup-projections-2026-27-season","participant_unresolved",FALSE,"matchup","CANUCKS (2-3-0) at DEVILS (1-2-0)","The Canucks did not practice on Friday following a 7-2 loss at the Carolina Hurricanes on Thursday. ... Siegenthaler practiced Friday and could be in the lineup after sustaining an undisclosed injury early in the third period of a 5-3 loss to the Utah Mammoth on Tuesday. ... Brown, a forward, will not play but has been skating on his own and will be reevaluated next week. ... The Devils loaned Stefan Noesen to Utica of the American Hockey League on Friday after the forward cleared waivers. ... Allen is expected to play in his 500th NHL game.","Scratched: Brendan Gallagher, Guillaume Brisebois","Injured: Thatcher Demko (hip), Filip Chytil (shoulder)"
"2026-10-10_180157_38074132924_1_17a65d0afd5e42418df207b044e3357a",2026020071,1,"NJD","2026-10-10","2026-10-10T18:03:39.882Z","2026-10-10T19:30:00Z","2026-10-10","https://www.nhl.com/news/nhl-lineup-projections-2026-27-season","matched",TRUE,"matchup","CANUCKS (2-3-0) at DEVILS (1-2-0)","The Canucks did not practice on Friday following a 7-2 loss at the Carolina Hurricanes on Thursday. ... Siegenthaler practiced Friday and could be in the lineup after sustaining an undisclosed injury early in the third period of a 5-3 loss to the Utah Mammoth on Tuesday. ... Brown, a forward, will not play but has been skating on his own and will be reevaluated next week. ... The Devils loaned Stefan Noesen to Utica of the American Hockey League on Friday after the forward cleared waivers. ... Allen is expected to play in his 500th NHL game.","Scratched: Remi Poirier","Injured: Connor Brown (lower body), Johnathan Kovacevic (upper body); Nick Bjugstad (upper body)"
"2026-10-10_180157_38074132924_1_17a65d0afd5e42418df207b044e3357a",2026020072,22,"EDM","2026-10-10","2026-10-10T18:03:39.882Z","2026-10-10T20:00:00Z","2026-10-10","https://www.nhl.com/news/nhl-lineup-projections-2026-27-season","matched",TRUE,"matchup","OILERS (3-0-1) at SHARKS (3-1-0)","Hyman, a forward, and Hallander each skated during Oilers practice on Friday; Hallander could make his Oilers debut after being acquired in a trade with the Pittsburgh Penguins on Oct. 7. ... Celebrini will be a game-time decision; the center participated fully in practice on Friday, but did not take part in any line rushes; Celebrini has missed two games. ... Sherwood didn't participate in practice due to an upper-body injury and is also a game-time decision. ... Gaudette, who had been out with an upper-body injury, fully participated and could return.","Scratched: Shakir Mukhamadullin, Trent Frederic","Injured: Frederik Andersen (undisclosed), Zach Hyman (undisclosed), Mattias Janmark (undisclosed), Ryan Nugent-Hopkins (lower body), Alec Regula (undisclosed), Matthew Savoie (undisclosed), Colton Dach (undisclosed)"
"2026-10-10_180157_38074132924_1_17a65d0afd5e42418df207b044e3357a",2026020072,28,"SJS","2026-10-10","2026-10-10T18:03:39.882Z","2026-10-10T20:00:00Z","2026-10-10","https://www.nhl.com/news/nhl-lineup-projections-2026-27-season","participant_unresolved",FALSE,"matchup","OILERS (3-0-1) at SHARKS (3-1-0)","Hyman, a forward, and Hallander each skated during Oilers practice on Friday; Hallander could make his Oilers debut after being acquired in a trade with the Pittsburgh Penguins on Oct. 7. ... Celebrini will be a game-time decision; the center participated fully in practice on Friday, but did not take part in any line rushes; Celebrini has missed two games. ... Sherwood didn't participate in practice due to an upper-body injury and is also a game-time decision. ... Gaudette, who had been out with an upper-body injury, fully participated and could return.","Scratched: Adam Gaudette, Nolan Allan","Injured: Macklin Celebrini (lower body)"
"2026-10-10_180157_38074132924_1_17a65d0afd5e42418df207b044e3357a",2026020073,30,"MIN","2026-10-10","2026-10-10T18:03:39.882Z","2026-10-10T22:00:00Z","2026-10-10","https://www.nhl.com/news/nhl-lineup-projections-2026-27-season","participant_unresolved",FALSE,"matchup","WILD (2-1-1) at PANTHERS (2-0-2)","The Wild did not hold a morning skate. ... Marcus Foligno, a forward, did not practice Friday. ... Lorentz could make his NHL debut. ... Kiersted, a defenseman, was recalled from Iowa of the American Hockey League on Friday. … Minnesota placed Nick Foligno, a forward, on injured reserve. ... Gustavsson, a goalie, has been placed on long-term injured reserve. ... Tyler Pitlick, a forward, was reassigned to Iowa. … The Panthers, who held an optional skate before their home opener, have Ekblad back in the lineup after he missed the past two games on paternity leave. … Florida will be without Marchand, a forward, for six weeks after he was injured during a 2-1 win at the Los Angeles Kings on Tuesday. … Alexander Petrovic, a defenseman, was returned to Charlotte of the AHL.","Scratched: David Spacek, Matt Kiersted","Injured: Marcus Foligno (lower body), Brock Faber (skull fracture), Filip Gustavsson (lower body), Nick Foligno (upper body)"
"2026-10-10_180157_38074132924_1_17a65d0afd5e42418df207b044e3357a",2026020073,13,"FLA","2026-10-10","2026-10-10T18:03:39.882Z","2026-10-10T22:00:00Z","2026-10-10","https://www.nhl.com/news/nhl-lineup-projections-2026-27-season","matched",TRUE,"matchup","WILD (2-1-1) at PANTHERS (2-0-2)","The Wild did not hold a morning skate. ... Marcus Foligno, a forward, did not practice Friday. ... Lorentz could make his NHL debut. ... Kiersted, a defenseman, was recalled from Iowa of the American Hockey League on Friday. … Minnesota placed Nick Foligno, a forward, on injured reserve. ... Gustavsson, a goalie, has been placed on long-term injured reserve. ... Tyler Pitlick, a forward, was reassigned to Iowa. … The Panthers, who held an optional skate before their home opener, have Ekblad back in the lineup after he missed the past two games on paternity leave. … Florida will be without Marchand, a forward, for six weeks after he was injured during a 2-1 win at the Los Angeles Kings on Tuesday. … Alexander Petrovic, a defenseman, was returned to Charlotte of the AHL.","Scratched: Uvis Balinskis","Injured: Aleksander Barkov (knee), Brad Marchand (knee), Jonah Gadjovich (neck)"
"2026-10-10_180157_38074132924_1_17a65d0afd5e42418df207b044e3357a",2026020074,68,"UTA","2026-10-10","2026-10-10T18:03:39.882Z","2026-10-10T23:00:00Z","2026-10-10","https://www.nhl.com/news/nhl-lineup-projections-2026-27-season","matched",TRUE,"matchup","MAMMOTH (3-2-0) at SABRES (2-2-0)","Yamamoto, scratched each of the first five games, will enter the lineup for Carcone, a forward, who is ""a little banged up,"" according to Mammoth coach Andre Tourigny. ... Kozak will make his season debut after being scratched the first four games. … Kulich and Helenius each will be scratched; Sabres coach Lindy Ruff said he’s looking for more “compete” from the two young forwards.","Scratched: Nick DeSimone, Liam O’Brien, Michael Carcone","Injured: Maveric Lamoureux (shoulder)"
"2026-10-10_180157_38074132924_1_17a65d0afd5e42418df207b044e3357a",2026020074,7,"BUF","2026-10-10","2026-10-10T18:03:39.882Z","2026-10-10T23:00:00Z","2026-10-10","https://www.nhl.com/news/nhl-lineup-projections-2026-27-season","matched",TRUE,"matchup","MAMMOTH (3-2-0) at SABRES (2-2-0)","Yamamoto, scratched each of the first five games, will enter the lineup for Carcone, a forward, who is ""a little banged up,"" according to Mammoth coach Andre Tourigny. ... Kozak will make his season debut after being scratched the first four games. … Kulich and Helenius each will be scratched; Sabres coach Lindy Ruff said he’s looking for more “compete” from the two young forwards.","Scratched: Jiri Kulich, Konsta Helenius, Matt Grzelcyk","Injured: Alex Lyon (upper body), Conor Timmins (lower body), Jason Zucker (sports hernia)"
"2026-10-10_180157_38074132924_1_17a65d0afd5e42418df207b044e3357a",2026020075,17,"DET","2026-10-10","2026-10-10T18:03:39.882Z","2026-10-10T23:00:00Z","2026-10-10","https://www.nhl.com/news/nhl-lineup-projections-2026-27-season","matched",TRUE,"matchup","RED WINGS (1-3-0) at CANADIENS (1-2-1)","Each team could dress 11 forwards and seven defensemen. ... The Red Wings did not hold a morning skate following a 6-3 loss to the Seattle Kraken on Friday. … Tarasov will make his first start for Detroit; he made eight saves over the final 25:55 Friday after replacing Gibson in the second period. … Guhle will make his season debut after recovering from abdominal surgery. ... Florian Xhekaj, a forward, will not play after missing a second straight optional practice for treatments.","Scratched: Andreas Englund, Jacob Bernard-Docker","Injured: Marco Kasper (upper body), J.T. Compher (undisclosed), Mason Appleton (undisclosed)"
"2026-10-10_180157_38074132924_1_17a65d0afd5e42418df207b044e3357a",2026020075,8,"MTL","2026-10-10","2026-10-10T18:03:39.882Z","2026-10-10T23:00:00Z","2026-10-10","https://www.nhl.com/news/nhl-lineup-projections-2026-27-season","matched",TRUE,"matchup","RED WINGS (1-3-0) at CANADIENS (1-2-1)","Each team could dress 11 forwards and seven defensemen. ... The Red Wings did not hold a morning skate following a 6-3 loss to the Seattle Kraken on Friday. … Tarasov will make his first start for Detroit; he made eight saves over the final 25:55 Friday after replacing Gibson in the second period. … Guhle will make his season debut after recovering from abdominal surgery. ... Florian Xhekaj, a forward, will not play after missing a second straight optional practice for treatments.","Scratched: None","Injured: Samuel Montembeault (lower body), Ivan Demidov (lower body), Oliver Kapanen (lower body), Florian Xhekaj (undisclosed)"
"2026-10-10_180157_38074132924_1_17a65d0afd5e42418df207b044e3357a",2026020076,18,"NSH","2026-10-10","2026-10-10T18:03:39.882Z","2026-10-10T23:00:00Z","2026-10-10","https://www.nhl.com/news/nhl-lineup-projections-2026-27-season","matched",TRUE,"matchup","PREDATORS (2-1-1) at SENATORS (3-1-0)","Struble will make his Predators debut after being acquired in a trace with the Montreal Canadiens on Friday; he will take the place of Trudeau, a defenseman, who was placed on injured reserve Friday. ... Bourque left in the second period of a 5-2 win against the Canadiens on Thursday and did not return, but did skate Saturday; Pinchuk will replace him in the lineup and make his NHL debut. ... Eklund was placed on injured reserve Saturday after he was injured in the first period of a 2-1 win at the Philadelphia Flyers on Thursday; the forward will miss an ""extended"" period of time, according to coach Travis Green. ... Burakovsky will make his regular-season debut after missing time with an upper-body injury sustained during the preseason. ... Zub, a defenseman, skated Saturday but will not play.","Scratched: Ilya Lyubushkin, Jack Ahcan","Injured: Justus Annunen (undisclosed), Mavrik Bourque (upper body), William Trudeau (upper body)"
"2026-10-10_180157_38074132924_1_17a65d0afd5e42418df207b044e3357a",2026020076,9,"OTT","2026-10-10","2026-10-10T18:03:39.882Z","2026-10-10T23:00:00Z","2026-10-10","https://www.nhl.com/news/nhl-lineup-projections-2026-27-season","participant_unresolved",FALSE,"matchup","PREDATORS (2-1-1) at SENATORS (3-1-0)","Struble will make his Predators debut after being acquired in a trace with the Montreal Canadiens on Friday; he will take the place of Trudeau, a defenseman, who was placed on injured reserve Friday. ... Bourque left in the second period of a 5-2 win against the Canadiens on Thursday and did not return, but did skate Saturday; Pinchuk will replace him in the lineup and make his NHL debut. ... Eklund was placed on injured reserve Saturday after he was injured in the first period of a 2-1 win at the Philadelphia Flyers on Thursday; the forward will miss an ""extended"" period of time, according to coach Travis Green. ... Burakovsky will make his regular-season debut after missing time with an upper-body injury sustained during the preseason. ... Zub, a defenseman, skated Saturday but will not play.","Scratched: Hayden Hodgson","Injured: Artem Zub (knee), Kurtis MacDermid (upper body), Jake Sanderson (undisclosed), William Eklund (ankle), Cameron Crotty (illness)"
"2026-10-10_180157_38074132924_1_17a65d0afd5e42418df207b044e3357a",2026020077,25,"DAL","2026-10-10","2026-10-10T18:03:39.882Z","2026-10-10T23:00:00Z","2026-10-10","https://www.nhl.com/news/nhl-lineup-projections-2026-27-season","matched",TRUE,"matchup","STARS (2-2-0) at PENGUINS (2-2-1)","Oettinger, who has had a shutout in each of his past two games, will start a third straight game and a fourth in Dallas’ first five games. ... The Stars will dress the same lineup from a 4-0 win at the Buffalo Sabres on Thursday. ... Silovs likely will start for the Penguins after Murashov made 43 saves in a 3-2 shootout loss at the Columbus Blue Jackets on Friday.","Scratched: Kyle Capobianco","Injured: Matt Duchene (lower body), Joel Kiviranta (lower body)"
"2026-10-10_180157_38074132924_1_17a65d0afd5e42418df207b044e3357a",2026020077,5,"PIT","2026-10-10","2026-10-10T18:03:39.882Z","2026-10-10T23:00:00Z","2026-10-10","https://www.nhl.com/news/nhl-lineup-projections-2026-27-season","matched",TRUE,"matchup","STARS (2-2-0) at PENGUINS (2-2-1)","Oettinger, who has had a shutout in each of his past two games, will start a third straight game and a fourth in Dallas’ first five games. ... The Stars will dress the same lineup from a 4-0 win at the Buffalo Sabres on Thursday. ... Silovs likely will start for the Penguins after Murashov made 43 saves in a 3-2 shootout loss at the Columbus Blue Jackets on Friday.","Scratched: Elmer Soderblom, Ilya Solovyov, Spencer Stastney","Injured: Justin Brazeau (lower body), Ryan Graves (knee)"
"2026-10-10_180157_38074132924_1_17a65d0afd5e42418df207b044e3357a",2026020078,12,"CAR","2026-10-10","2026-10-10T18:03:39.882Z","2026-10-10T23:00:00Z","2026-10-10","https://www.nhl.com/news/nhl-lineup-projections-2026-27-season","participant_unresolved",FALSE,"matchup","HURRICANES (3-1-1) at BLACKHAWKS (1-4-0)","The Hurricanes did not hold a morning skate … Nazar, a forward, was suspended for two games by the NHL Department of Player Safety for an illegal check to the head of New York Islanders forward Bo Horvat during the Islanders’ 4-1 victory Thursday … Teravainen returns after missing the game Thursday because of a lower-body injury.","Scratched: Nicolas Deslauriers, Juuso Valimaki","Injured: Seth Jarvis (shoulder)"
"2026-10-10_180157_38074132924_1_17a65d0afd5e42418df207b044e3357a",2026020078,16,"CHI","2026-10-10","2026-10-10T18:03:39.882Z","2026-10-10T23:00:00Z","2026-10-10","https://www.nhl.com/news/nhl-lineup-projections-2026-27-season","unexpected_lineup_structure",FALSE,"matchup","HURRICANES (3-1-1) at BLACKHAWKS (1-4-0)","The Hurricanes did not hold a morning skate … Nazar, a forward, was suspended for two games by the NHL Department of Player Safety for an illegal check to the head of New York Islanders forward Bo Horvat during the Islanders’ 4-1 victory Thursday … Teravainen returns after missing the game Thursday because of a lower-body injury.","Scratched: Kevin Korchinski, Ethan Del Mastro","Injured: Connor Bedard (shoulder), Andrew Mangiapane (lower body)"
"2026-10-10_180157_38074132924_1_17a65d0afd5e42418df207b044e3357a",2026020079,29,"CBJ","2026-10-10","2026-10-10T18:03:39.882Z","2026-10-10T23:00:00Z","2026-10-10","https://www.nhl.com/news/nhl-lineup-projections-2026-27-season","participant_unresolved",FALSE,"matchup","BLUE JACKETS (2-1-0) at BLUES (1-2-1)","The Blue Jackets did not hold a morning skate after a 3-2 shootout win against the Pittsburgh Penguins on Friday … Greaves is expected to start after Talbot made 20 saves Friday. … The Blues held an optional morning skate. … Dube, a forward, will be re-evaluated in eight weeks and will be replaced by Dean on Saturday. … Binnington will make his second start of the season; he allowed six goals on 36 shots in a 6-1 loss at the Colorado Avalanche on Oct. 3.","Scratched: Luca Del Bel Belluz, Jake Christiansen","Injured: Dante Fabbro (hand), Ivan Provorov (lower body), Isac Lundestrom (lower body)"
"2026-10-10_180157_38074132924_1_17a65d0afd5e42418df207b044e3357a",2026020079,19,"STL","2026-10-10","2026-10-10T18:03:39.882Z","2026-10-10T23:00:00Z","2026-10-10","https://www.nhl.com/news/nhl-lineup-projections-2026-27-season","matched",TRUE,"matchup","BLUE JACKETS (2-1-0) at BLUES (1-2-1)","The Blue Jackets did not hold a morning skate after a 3-2 shootout win against the Pittsburgh Penguins on Friday … Greaves is expected to start after Talbot made 20 saves Friday. … The Blues held an optional morning skate. … Dube, a forward, will be re-evaluated in eight weeks and will be replaced by Dean on Saturday. … Binnington will make his second start of the season; he allowed six goals on 36 shots in a 6-1 loss at the Colorado Avalanche on Oct. 3.","Scratched: Theo Lindstein","Injured: Logan Mailloux (hand), Tyler Tucker (knee), Alexey Toropchenko (upper body), Dillon Dube (neck)"
"2026-10-10_180157_38074132924_1_17a65d0afd5e42418df207b044e3357a",2026020080,10,"TOR","2026-10-10","2026-10-10T18:03:39.882Z","2026-10-10T23:00:00Z","2026-10-10","https://www.nhl.com/news/nhl-lineup-projections-2026-27-season","matched",TRUE,"matchup","MAPLE LEAFS (2-2-1) at AVALANCHE (3-1-0)","Neither team held a morning skate. … Ekman-Larsson practiced Friday after leaving in the third period of a 4-3 shootout loss at the Vegas Golden Knights on Thursday. ... Tavares, a forward, returned home for the birth of his son, Tucker. … Wood, a forward, was recalled from Toronto of the American Hockey League on Friday. … The Maple Leafs have alternated starting goalies in each of their first five games. ... Malinski, a defenseman, was a healthy scratch for the Avalanche's last game, a 7-3 win at the Calgary Flames on Thursday. ... O’Connor, a forward who was expected to play after rehabbing from a lower-body injury, is away from the team following the death of his father.","Scratched: Nick Blankenburg, Miles Wood, John Tavares","Injured: Dakota Joshua (core), Max Domi (undisclosed)"
"2026-10-10_180157_38074132924_1_17a65d0afd5e42418df207b044e3357a",2026020080,21,"COL","2026-10-10","2026-10-10T18:03:39.882Z","2026-10-10T23:00:00Z","2026-10-10","https://www.nhl.com/news/nhl-lineup-projections-2026-27-season","matched",TRUE,"matchup","MAPLE LEAFS (2-2-1) at AVALANCHE (3-1-0)","Neither team held a morning skate. … Ekman-Larsson practiced Friday after leaving in the third period of a 4-3 shootout loss at the Vegas Golden Knights on Thursday. ... Tavares, a forward, returned home for the birth of his son, Tucker. … Wood, a forward, was recalled from Toronto of the American Hockey League on Friday. … The Maple Leafs have alternated starting goalies in each of their first five games. ... Malinski, a defenseman, was a healthy scratch for the Avalanche's last game, a 7-3 win at the Calgary Flames on Thursday. ... O’Connor, a forward who was expected to play after rehabbing from a lower-body injury, is away from the team following the death of his father.","Scratched: Noah Juulsen, Logan O'Connor","Injured: None"
"2026-10-10_180157_38074132924_1_17a65d0afd5e42418df207b044e3357a",2026020081,14,"TBL","2026-10-10","2026-10-10T18:03:39.882Z","2026-10-10T23:30:00Z","2026-10-10","https://www.nhl.com/news/nhl-lineup-projections-2026-27-season","matched",TRUE,"matchup","LIGHTNING (3-1-0) at ISLANDERS (2-2-0)","The Lightning held an optional morning skate. ... Vasilevskiy didn’t take part, so he is expected to start. ... Tampa Bay could dress 11 forwards and seven defensemen. ... Horvat, a full participant in the Islanders morning skate, will play after going through concussion protocol following a hit to the head by Chicago Blackhawks forward Frank Nazar in a 4-1 win Thursday; Nazar was suspended two games by the NHL Department of Player Safety on Friday.","Scratched: Scott Sabourin","Injured: Emil Lilleberg (undisclosed), Dominic James (hand), Yanni Gourde (hip)"
"2026-10-10_180157_38074132924_1_17a65d0afd5e42418df207b044e3357a",2026020081,2,"NYI","2026-10-10","2026-10-10T18:03:39.882Z","2026-10-10T23:30:00Z","2026-10-10","https://www.nhl.com/news/nhl-lineup-projections-2026-27-season","participant_unresolved",FALSE,"matchup","LIGHTNING (3-1-0) at ISLANDERS (2-2-0)","The Lightning held an optional morning skate. ... Vasilevskiy didn’t take part, so he is expected to start. ... Tampa Bay could dress 11 forwards and seven defensemen. ... Horvat, a full participant in the Islanders morning skate, will play after going through concussion protocol following a hit to the head by Chicago Blackhawks forward Frank Nazar in a 4-1 win Thursday; Nazar was suspended two games by the NHL Department of Player Safety on Friday.","Scratched: Kyle MacLean, Matt Kessel","Injured: Mathew Barzal (knee), Alexander Romanov (torn right ACL)"
"2026-10-10_180157_38074132924_1_17a65d0afd5e42418df207b044e3357a",2026020082,24,"ANA","2026-10-10","2026-10-10T18:03:39.882Z","2026-10-11T02:00:00Z","2026-10-10","https://www.nhl.com/news/nhl-lineup-projections-2026-27-season","matched",TRUE,"matchup","DUCKS (3-1-0) at FLAMES (0-4-0)","The Ducks held an optional morning skate following a 5-1 win at the Winnipeg Jets on Friday. … Husso is expected to start after Dostal made 16 saves against the Jets. … Helleson, a defenseman, traveled with the team and skated Saturday, but is not expected to play. … The Flames held an optional morning skate. … Honzek, a forward, didn’t skate for the second straight day and will be unavailable, coach Ryan Huska said. … Tsyplakov is expected to return after being scratched for a 7-3 loss to the Colorado Avalanche on Thursday.","Scratched: Nick Jensen, Frank Vatrano, Nikita Klepov","Injured: Drew Helleson (lower body), Ian Moore (lower body), Troy Terry (hip)"
"2026-10-10_180157_38074132924_1_17a65d0afd5e42418df207b044e3357a",2026020082,20,"CGY","2026-10-10","2026-10-10T18:03:39.882Z","2026-10-11T02:00:00Z","2026-10-10","https://www.nhl.com/news/nhl-lineup-projections-2026-27-season","participant_unresolved",FALSE,"matchup","DUCKS (3-1-0) at FLAMES (0-4-0)","The Ducks held an optional morning skate following a 5-1 win at the Winnipeg Jets on Friday. … Husso is expected to start after Dostal made 16 saves against the Jets. … Helleson, a defenseman, traveled with the team and skated Saturday, but is not expected to play. … The Flames held an optional morning skate. … Honzek, a forward, didn’t skate for the second straight day and will be unavailable, coach Ryan Huska said. … Tsyplakov is expected to return after being scratched for a 7-3 loss to the Colorado Avalanche on Thursday.","Scratched: Brennan Othmann, Joel Hanley","Injured: Jonathan Huberdeau (hip), Samuel Honzek (undisclosed)"
"2026-10-10_180157_38074132924_1_17a65d0afd5e42418df207b044e3357a",2026020083,26,"LAK","2026-10-10","2026-10-10T18:03:39.882Z","2026-10-11T02:00:00Z","2026-10-10","https://www.nhl.com/news/nhl-lineup-projections-2026-27-season","missing_or_duplicate_team_block",FALSE,"matchup",NA,NA,NA,NA
"2026-10-10_180157_38074132924_1_17a65d0afd5e42418df207b044e3357a",2026020083,54,"VGK","2026-10-10","2026-10-10T18:03:39.882Z","2026-10-11T02:00:00Z","2026-10-10","https://www.nhl.com/news/nhl-lineup-projections-2026-27-season","missing_or_duplicate_team_block",FALSE,"matchup",NA,NA,NA,NA
