"season","roster_season","teamId","team_abbrev","playerId","first_name","last_name","player_name","roster_source","is_current_roster","directory_observed_at","game_id","game_date","startTimeUTC","gameState","team_label","opponent_label","projected_name","backup_name","projected_playerId","match_method","projection_status","retrieved_at","source_url","article_date","eligible_for_backtest","projected_goalie"
20262027,20262027,8,"MTL",8482487,"Jakub","Dobes","Jakub Dobes","current_roster",TRUE,"2026-10-07T17:45:07.558Z",NA,NA,NA,NA,NA,NA,NA,NA,NA,NA,"no_game_today",NA,NA,NA,NA,NA
20262027,20262027,8,"MTL",8478470,"Samuel","Montembeault","Samuel Montembeault","current_roster",TRUE,"2026-10-07T17:45:07.560Z",NA,NA,NA,NA,NA,NA,NA,NA,NA,NA,"no_game_today",NA,NA,NA,NA,NA
20262027,20262027,7,"BUF",8481551,"Colten","Ellis","Colten Ellis","current_roster",TRUE,"2026-10-07T17:45:07.725Z",NA,NA,NA,NA,NA,NA,NA,NA,NA,NA,"no_game_today",NA,NA,NA,NA,NA
20262027,20262027,7,"BUF",8480045,"Ukko-Pekka","Luukkonen","Ukko-Pekka Luukkonen","current_roster",TRUE,"2026-10-07T17:45:07.727Z",NA,NA,NA,NA,NA,NA,NA,NA,NA,NA,"no_game_today",NA,NA,NA,NA,NA
20262027,20262027,7,"BUF",8479312,"Alex","Lyon","Alex Lyon","current_roster",TRUE,"2026-10-07T17:45:07.729Z",NA,NA,NA,NA,NA,NA,NA,NA,NA,NA,"no_game_today",NA,NA,NA,NA,NA
20262027,20262027,28,"SJS",8482137,"Yaroslav","Askarov","Yaroslav Askarov","current_roster",TRUE,"2026-10-07T17:45:07.824Z",NA,NA,NA,NA,NA,NA,NA,NA,NA,NA,"no_game_today",NA,NA,NA,NA,NA
20262027,20262027,28,"SJS",8477968,"Alex","Nedeljkovic","Alex Nedeljkovic","current_roster",TRUE,"2026-10-07T17:45:07.826Z",NA,NA,NA,NA,NA,NA,NA,NA,NA,NA,"no_game_today",NA,NA,NA,NA,NA
20262027,20262027,13,"FLA",8474593,"Jacob","Markstrom","Jacob Markstrom","current_roster",TRUE,"2026-10-07T17:45:07.926Z",NA,NA,NA,NA,NA,NA,NA,NA,NA,NA,"no_game_today",NA,NA,NA,NA,NA
20262027,20262027,13,"FLA",8481033,"Akira","Schmid","Akira Schmid","current_roster",TRUE,"2026-10-07T17:45:07.927Z",NA,NA,NA,NA,NA,NA,NA,NA,NA,NA,"no_game_today",NA,NA,NA,NA,NA
20262027,20262027,12,"CAR",8483548,"Brandon","Bussi","Brandon Bussi","current_roster",TRUE,"2026-10-07T17:45:08.097Z",NA,NA,NA,NA,NA,NA,NA,NA,NA,NA,"no_game_today",NA,NA,NA,NA,NA
20262027,20262027,12,"CAR",8481611,"Pyotr","Kochetkov","Pyotr Kochetkov","current_roster",TRUE,"2026-10-07T17:45:08.099Z",NA,NA,NA,NA,NA,NA,NA,NA,NA,NA,"no_game_today",NA,NA,NA,NA,NA
20262027,20262027,52,"WPG",8476945,"Connor","Hellebuyck","Connor Hellebuyck","current_roster",TRUE,"2026-10-07T17:45:08.129Z",2026020054,"2026-10-07","2026-10-07T23:30:00Z","FUT","Jets","Avalanche","Stuart Skinner","Clay Stevenson",8479973,"exact_normalized","matched","2026-10-07T17:45:11.472Z","https://www.nhl.com/news/nhl-lineup-projections-2026-27-season","2026-10-07",TRUE,0
20262027,20262027,52,"WPG",8479973,"Stuart","Skinner","Stuart Skinner","current_roster",TRUE,"2026-10-07T17:45:08.131Z",2026020054,"2026-10-07","2026-10-07T23:30:00Z","FUT","Jets","Avalanche","Stuart Skinner","Clay Stevenson",8479973,"exact_normalized","matched","2026-10-07T17:45:11.472Z","https://www.nhl.com/news/nhl-lineup-projections-2026-27-season","2026-10-07",TRUE,1
20262027,20262027,52,"WPG",8483532,"Clay","Stevenson","Clay Stevenson","current_roster",TRUE,"2026-10-07T17:45:08.133Z",2026020054,"2026-10-07","2026-10-07T23:30:00Z","FUT","Jets","Avalanche","Stuart Skinner","Clay Stevenson",8479973,"exact_normalized","matched","2026-10-07T17:45:11.472Z","https://www.nhl.com/news/nhl-lineup-projections-2026-27-season","2026-10-07",TRUE,0
20262027,20262027,18,"NSH",8481020,"Justus","Annunen","Justus Annunen","current_roster",TRUE,"2026-10-07T17:45:08.233Z",NA,NA,NA,NA,NA,NA,NA,NA,NA,NA,"no_game_today",NA,NA,NA,NA,NA
20262027,20262027,18,"NSH",8483575,"Matt","Murray","Matt Murray","current_roster",TRUE,"2026-10-07T17:45:08.234Z",NA,NA,NA,NA,NA,NA,NA,NA,NA,NA,"no_game_today",NA,NA,NA,NA,NA
20262027,20262027,18,"NSH",8477424,"Juuse","Saros","Juuse Saros","current_roster",TRUE,"2026-10-07T17:45:08.236Z",NA,NA,NA,NA,NA,NA,NA,NA,NA,NA,"no_game_today",NA,NA,NA,NA,NA
20262027,20262027,1,"NJD",8474596,"Jake","Allen","Jake Allen","current_roster",TRUE,"2026-10-07T17:45:08.331Z",NA,NA,NA,NA,NA,NA,NA,NA,NA,NA,"no_game_today",NA,NA,NA,NA,NA
20262027,20262027,1,"NJD",8482076,"Nico","Daws","Nico Daws","current_roster",TRUE,"2026-10-07T17:45:08.336Z",NA,NA,NA,NA,NA,NA,NA,NA,NA,NA,"no_game_today",NA,NA,NA,NA,NA
20262027,20262027,1,"NJD",8482465,"Rémi","Poirier","Rémi Poirier","current_roster",TRUE,"2026-10-07T17:45:08.338Z",NA,NA,NA,NA,NA,NA,NA,NA,NA,NA,"no_game_today",NA,NA,NA,NA,NA
20262027,20262027,9,"OTT",8481035,"Samuel","Ersson","Samuel Ersson","current_roster",TRUE,"2026-10-07T17:45:08.507Z",NA,NA,NA,NA,NA,NA,NA,NA,NA,NA,"no_game_today",NA,NA,NA,NA,NA
20262027,20262027,9,"OTT",8477992,"Jonas","Johansson","Jonas Johansson","current_roster",TRUE,"2026-10-07T17:45:08.509Z",NA,NA,NA,NA,NA,NA,NA,NA,NA,NA,"no_game_today",NA,NA,NA,NA,NA
20262027,20262027,9,"OTT",8476999,"Linus","Ullmark","Linus Ullmark","current_roster",TRUE,"2026-10-07T17:45:08.511Z",NA,NA,NA,NA,NA,NA,NA,NA,NA,NA,"no_game_today",NA,NA,NA,NA,NA
20262027,20262027,21,"COL",8478406,"Mackenzie","Blackwood","Mackenzie Blackwood","current_roster",TRUE,"2026-10-07T17:45:08.538Z",2026020054,"2026-10-07","2026-10-07T23:30:00Z","FUT","Avalanche","Jets","Mackenzie Blackwood","Scott Wedgewood",8478406,"exact_normalized","matched","2026-10-07T17:45:11.472Z","https://www.nhl.com/news/nhl-lineup-projections-2026-27-season","2026-10-07",TRUE,1
20262027,20262027,21,"COL",8475809,"Scott","Wedgewood","Scott Wedgewood","current_roster",TRUE,"2026-10-07T17:45:08.540Z",2026020054,"2026-10-07","2026-10-07T23:30:00Z","FUT","Avalanche","Jets","Mackenzie Blackwood","Scott Wedgewood",8478406,"exact_normalized","matched","2026-10-07T17:45:11.472Z","https://www.nhl.com/news/nhl-lineup-projections-2026-27-season","2026-10-07",TRUE,0
20262027,20262027,15,"WSH",8479292,"Charlie","Lindgren","Charlie Lindgren","current_roster",TRUE,"2026-10-07T17:45:08.712Z",2026020053,"2026-10-07","2026-10-07T23:30:00Z","FUT","Capitals","Penguins","Logan Thompson","Charlie Lindgren",8480313,"exact_normalized","matched","2026-10-07T17:45:11.472Z","https://www.nhl.com/news/nhl-lineup-projections-2026-27-season","2026-10-07",TRUE,0
20262027,20262027,15,"WSH",8480313,"Logan","Thompson","Logan Thompson","current_roster",TRUE,"2026-10-07T17:45:08.714Z",2026020053,"2026-10-07","2026-10-07T23:30:00Z","FUT","Capitals","Penguins","Logan Thompson","Charlie Lindgren",8480313,"exact_normalized","matched","2026-10-07T17:45:11.472Z","https://www.nhl.com/news/nhl-lineup-projections-2026-27-season","2026-10-07",TRUE,1
20262027,20262027,19,"STL",8476412,"Jordan","Binnington","Jordan Binnington","current_roster",TRUE,"2026-10-07T17:45:08.819Z",NA,NA,NA,NA,NA,NA,NA,NA,NA,NA,"no_game_today",NA,NA,NA,NA,NA
20262027,20262027,19,"STL",8480981,"Joel","Hofer","Joel Hofer","current_roster",TRUE,"2026-10-07T17:45:08.820Z",NA,NA,NA,NA,NA,NA,NA,NA,NA,NA,"no_game_today",NA,NA,NA,NA,NA
20262027,20262027,17,"DET",8476434,"John","Gibson","John Gibson","current_roster",TRUE,"2026-10-07T17:45:08.996Z",NA,NA,NA,NA,NA,NA,NA,NA,NA,NA,"no_game_today",NA,NA,NA,NA,NA
20262027,20262027,17,"DET",8480193,"Daniil","Tarasov","Daniil Tarasov","current_roster",TRUE,"2026-10-07T17:45:08.998Z",NA,NA,NA,NA,NA,NA,NA,NA,NA,NA,"no_game_today",NA,NA,NA,NA,NA
20262027,20262027,3,"NYR",8482193,"Dylan","Garand","Dylan Garand","current_roster",TRUE,"2026-10-07T17:45:09.107Z",NA,NA,NA,NA,NA,NA,NA,NA,NA,NA,"no_game_today",NA,NA,NA,NA,NA
20262027,20262027,3,"NYR",8476914,"Joonas","Korpisalo","Joonas Korpisalo","current_roster",TRUE,"2026-10-07T17:45:09.109Z",NA,NA,NA,NA,NA,NA,NA,NA,NA,NA,"no_game_today",NA,NA,NA,NA,NA
20262027,20262027,3,"NYR",8478048,"Igor","Shesterkin","Igor Shesterkin","current_roster",TRUE,"2026-10-07T17:45:09.111Z",NA,NA,NA,NA,NA,NA,NA,NA,NA,NA,"no_game_today",NA,NA,NA,NA,NA
20262027,20262027,24,"ANA",8480843,"Lukas","Dostal","Lukas Dostal","current_roster",TRUE,"2026-10-07T17:45:09.138Z",2026020055,"2026-10-07","2026-10-08T02:00:00Z","FUT","Ducks","Oilers",NA,NA,NA,NA,"missing_or_duplicate_team_block","2026-10-07T17:45:11.472Z","https://www.nhl.com/news/nhl-lineup-projections-2026-27-season","2026-10-07",FALSE,NA
20262027,20262027,24,"ANA",8478024,"Ville","Husso","Ville Husso","current_roster",TRUE,"2026-10-07T17:45:09.140Z",2026020055,"2026-10-07","2026-10-08T02:00:00Z","FUT","Ducks","Oilers",NA,NA,NA,NA,"missing_or_duplicate_team_block","2026-10-07T17:45:11.472Z","https://www.nhl.com/news/nhl-lineup-projections-2026-27-season","2026-10-07",FALSE,NA
20262027,20262027,16,"CHI",8481519,"Spencer","Knight","Spencer Knight","current_roster",TRUE,"2026-10-07T17:45:09.246Z",NA,NA,NA,NA,NA,NA,NA,NA,NA,NA,"no_game_today",NA,NA,NA,NA,NA
20262027,20262027,16,"CHI",8482821,"Arvid","Soderblom","Arvid Soderblom","current_roster",TRUE,"2026-10-07T17:45:09.248Z",NA,NA,NA,NA,NA,NA,NA,NA,NA,NA,"no_game_today",NA,NA,NA,NA,NA
20262027,20262027,55,"SEA",8478916,"Joey","Daccord","Joey Daccord","current_roster",TRUE,"2026-10-07T17:45:09.351Z",NA,NA,NA,NA,NA,NA,NA,NA,NA,NA,"no_game_today",NA,NA,NA,NA,NA
20262027,20262027,55,"SEA",8475831,"Philipp","Grubauer","Philipp Grubauer","current_roster",TRUE,"2026-10-07T17:45:09.353Z",NA,NA,NA,NA,NA,NA,NA,NA,NA,NA,"no_game_today",NA,NA,NA,NA,NA
20262027,20262027,5,"PIT",8483703,"Sergei","Murashov","Sergei Murashov","current_roster",TRUE,"2026-10-07T17:45:09.383Z",2026020053,"2026-10-07","2026-10-07T23:30:00Z","FUT","Penguins","Capitals","Arturs Silovs","Sergei Murashov",8481668,"exact_normalized","matched","2026-10-07T17:45:11.472Z","https://www.nhl.com/news/nhl-lineup-projections-2026-27-season","2026-10-07",TRUE,0
20262027,20262027,5,"PIT",8481668,"Arturs","Silovs","Arturs Silovs","current_roster",TRUE,"2026-10-07T17:45:09.385Z",2026020053,"2026-10-07","2026-10-07T23:30:00Z","FUT","Penguins","Capitals","Arturs Silovs","Sergei Murashov",8481668,"exact_normalized","matched","2026-10-07T17:45:11.472Z","https://www.nhl.com/news/nhl-lineup-projections-2026-27-season","2026-10-07",TRUE,1
20262027,20262027,6,"BOS",8480022,"Michael","DiPietro","Michael DiPietro","current_roster",TRUE,"2026-10-07T17:45:09.569Z",NA,NA,NA,NA,NA,NA,NA,NA,NA,NA,"no_game_today",NA,NA,NA,NA,NA
20262027,20262027,6,"BOS",8480280,"Jeremy","Swayman","Jeremy Swayman","current_roster",TRUE,"2026-10-07T17:45:09.571Z",NA,NA,NA,NA,NA,NA,NA,NA,NA,NA,"no_game_today",NA,NA,NA,NA,NA
20262027,20262027,25,"DAL",8479193,"Casey","DeSmith","Casey DeSmith","current_roster",TRUE,"2026-10-07T17:45:09.739Z",NA,NA,NA,NA,NA,NA,NA,NA,NA,NA,"no_game_today",NA,NA,NA,NA,NA
20262027,20262027,25,"DAL",8479979,"Jake","Oettinger","Jake Oettinger","current_roster",TRUE,"2026-10-07T17:45:09.741Z",NA,NA,NA,NA,NA,NA,NA,NA,NA,NA,"no_game_today",NA,NA,NA,NA,NA
20262027,20262027,14,"TBL",8483710,"Dennis","Hildeby","Dennis Hildeby","current_roster",TRUE,"2026-10-07T17:45:09.913Z",NA,NA,NA,NA,NA,NA,NA,NA,NA,NA,"no_game_today",NA,NA,NA,NA,NA
20262027,20262027,14,"TBL",8476883,"Andrei","Vasilevskiy","Andrei Vasilevskiy","current_roster",TRUE,"2026-10-07T17:45:09.915Z",NA,NA,NA,NA,NA,NA,NA,NA,NA,NA,"no_game_today",NA,NA,NA,NA,NA
20262027,20262027,4,"PHI",8478435,"Dan","Vladar","Dan Vladar","current_roster",TRUE,"2026-10-07T17:45:10.082Z",NA,NA,NA,NA,NA,NA,NA,NA,NA,NA,"no_game_today",NA,NA,NA,NA,NA
20262027,20262027,4,"PHI",8479361,"Joseph","Woll","Joseph Woll","current_roster",TRUE,"2026-10-07T17:45:10.084Z",NA,NA,NA,NA,NA,NA,NA,NA,NA,NA,"no_game_today",NA,NA,NA,NA,NA
20262027,20262027,30,"MIN",8475717,"Calvin","Pickard","Calvin Pickard","current_roster",TRUE,"2026-10-07T17:45:10.259Z",NA,NA,NA,NA,NA,NA,NA,NA,NA,NA,"no_game_today",NA,NA,NA,NA,NA
20262027,20262027,30,"MIN",8482661,"Jesper","Wallstedt","Jesper Wallstedt","current_roster",TRUE,"2026-10-07T17:45:10.261Z",NA,NA,NA,NA,NA,NA,NA,NA,NA,NA,"no_game_today",NA,NA,NA,NA,NA
20262027,20262027,29,"CBJ",8482982,"Jet","Greaves","Jet Greaves","current_roster",TRUE,"2026-10-07T17:45:10.434Z",NA,NA,NA,NA,NA,NA,NA,NA,NA,NA,"no_game_today",NA,NA,NA,NA,NA
20262027,20262027,29,"CBJ",8475660,"Cam","Talbot","Cam Talbot","current_roster",TRUE,"2026-10-07T17:45:10.436Z",NA,NA,NA,NA,NA,NA,NA,NA,NA,NA,"no_game_today",NA,NA,NA,NA,NA
20262027,20262027,2,"NYI",8478009,"Ilya","Sorokin","Ilya Sorokin","current_roster",TRUE,"2026-10-07T17:45:10.538Z",NA,NA,NA,NA,NA,NA,NA,NA,NA,NA,"no_game_today",NA,NA,NA,NA,NA
20262027,20262027,2,"NYI",8473575,"Semyon","Varlamov","Semyon Varlamov","current_roster",TRUE,"2026-10-07T17:45:10.540Z",NA,NA,NA,NA,NA,NA,NA,NA,NA,NA,"no_game_today",NA,NA,NA,NA,NA
20262027,20262027,23,"VAN",8477967,"Thatcher","Demko","Thatcher Demko","current_roster",TRUE,"2026-10-07T17:45:10.644Z",NA,NA,NA,NA,NA,NA,NA,NA,NA,NA,"no_game_today",NA,NA,NA,NA,NA
20262027,20262027,23,"VAN",8480947,"Kevin","Lankinen","Kevin Lankinen","current_roster",TRUE,"2026-10-07T17:45:10.646Z",NA,NA,NA,NA,NA,NA,NA,NA,NA,NA,"no_game_today",NA,NA,NA,NA,NA
20262027,20262027,23,"VAN",8482447,"Leevi","Meriläinen","Leevi Meriläinen","current_roster",TRUE,"2026-10-07T17:45:10.648Z",NA,NA,NA,NA,NA,NA,NA,NA,NA,NA,"no_game_today",NA,NA,NA,NA,NA
20262027,20262027,26,"LAK",8476341,"Anton","Forsberg","Anton Forsberg","current_roster",TRUE,"2026-10-07T17:45:10.752Z",NA,NA,NA,NA,NA,NA,NA,NA,NA,NA,"no_game_today",NA,NA,NA,NA,NA
20262027,20262027,26,"LAK",8475311,"Darcy","Kuemper","Darcy Kuemper","current_roster",TRUE,"2026-10-07T17:45:10.754Z",NA,NA,NA,NA,NA,NA,NA,NA,NA,NA,"no_game_today",NA,NA,NA,NA,NA
20262027,20262027,59,"UTA",8482657,"Sebastian","Cossa","Sebastian Cossa","current_roster",TRUE,"2026-10-07T17:45:10.928Z",NA,NA,NA,NA,NA,NA,NA,NA,NA,NA,"no_game_today",NA,NA,NA,NA,NA
20262027,20262027,59,"UTA",8478872,"Karel","Vejmelka","Karel Vejmelka","current_roster",TRUE,"2026-10-07T17:45:10.930Z",NA,NA,NA,NA,NA,NA,NA,NA,NA,NA,"no_game_today",NA,NA,NA,NA,NA
20262027,20262027,10,"TOR",8475683,"Sergei","Bobrovsky","Sergei Bobrovsky","current_roster",TRUE,"2026-10-07T17:45:11.032Z",NA,NA,NA,NA,NA,NA,NA,NA,NA,NA,"no_game_today",NA,NA,NA,NA,NA
20262027,20262027,10,"TOR",8476932,"Anthony","Stolarz","Anthony Stolarz","current_roster",TRUE,"2026-10-07T17:45:11.034Z",NA,NA,NA,NA,NA,NA,NA,NA,NA,NA,"no_game_today",NA,NA,NA,NA,NA
20262027,20262027,22,"EDM",8475883,"Frederik","Andersen","Frederik Andersen","current_roster",TRUE,"2026-10-07T17:45:11.060Z",2026020055,"2026-10-07","2026-10-08T02:00:00Z","FUT","Oilers","Ducks",NA,NA,NA,NA,"missing_or_duplicate_team_block","2026-10-07T17:45:11.472Z","https://www.nhl.com/news/nhl-lineup-projections-2026-27-season","2026-10-07",FALSE,NA
20262027,20262027,22,"EDM",8477465,"Tristan","Jarry","Tristan Jarry","current_roster",TRUE,"2026-10-07T17:45:11.062Z",2026020055,"2026-10-07","2026-10-08T02:00:00Z","FUT","Oilers","Ducks",NA,NA,NA,NA,"missing_or_duplicate_team_block","2026-10-07T17:45:11.472Z","https://www.nhl.com/news/nhl-lineup-projections-2026-27-season","2026-10-07",FALSE,NA
20262027,20262027,22,"EDM",8482221,"Devon","Levi","Devon Levi","current_roster",TRUE,"2026-10-07T17:45:11.063Z",2026020055,"2026-10-07","2026-10-08T02:00:00Z","FUT","Oilers","Ducks",NA,NA,NA,NA,"missing_or_duplicate_team_block","2026-10-07T17:45:11.472Z","https://www.nhl.com/news/nhl-lineup-projections-2026-27-season","2026-10-07",FALSE,NA
20262027,20262027,54,"VGK",8479394,"Carter","Hart","Carter Hart","current_roster",TRUE,"2026-10-07T17:45:11.233Z",NA,NA,NA,NA,NA,NA,NA,NA,NA,NA,"no_game_today",NA,NA,NA,NA,NA
20262027,20262027,54,"VGK",8478499,"Adin","Hill","Adin Hill","current_roster",TRUE,"2026-10-07T17:45:11.235Z",NA,NA,NA,NA,NA,NA,NA,NA,NA,NA,"no_game_today",NA,NA,NA,NA,NA
20262027,20262027,20,"CGY",8482445,"Devin","Cooley","Devin Cooley","current_roster",TRUE,"2026-10-07T17:45:11.334Z",NA,NA,NA,NA,NA,NA,NA,NA,NA,NA,"no_game_today",NA,NA,NA,NA,NA
20262027,20262027,20,"CGY",8481692,"Dustin","Wolf","Dustin Wolf","current_roster",TRUE,"2026-10-07T17:45:11.336Z",NA,NA,NA,NA,NA,NA,NA,NA,NA,NA,"no_game_today",NA,NA,NA,NA,NA
20262027,20262027,68,"UTA",8482657,"Sebastian","Cossa","Sebastian Cossa","current_roster",TRUE,"2026-10-07T17:45:11.363Z",NA,NA,NA,NA,NA,NA,NA,NA,NA,NA,"no_game_today",NA,NA,NA,NA,NA
20262027,20262027,68,"UTA",8478872,"Karel","Vejmelka","Karel Vejmelka","current_roster",TRUE,"2026-10-07T17:45:11.364Z",NA,NA,NA,NA,NA,NA,NA,NA,NA,NA,"no_game_today",NA,NA,NA,NA,NA
