"url","label","retrieved_at","completed_at","http_status","error"
"https://api-web.nhle.com/v1/schedule/2026-10-09","schedule","2026-10-09T17:35:48.253Z","2026-10-09T17:35:48.481Z",200,NA
"https://api-web.nhle.com/v1/standings/now","standings","2026-10-09T17:35:48.538Z","2026-10-09T17:35:48.615Z",200,NA
"https://api.nhle.com/stats/rest/en/team","teams","2026-10-09T17:35:48.618Z","2026-10-09T17:35:48.759Z",200,NA
"https://api-web.nhle.com/v1/roster/MTL/current","roster_MTL","2026-10-09T17:35:48.809Z","2026-10-09T17:35:48.998Z",200,NA
"https://api-web.nhle.com/v1/roster/BUF/current","roster_BUF","2026-10-09T17:35:49.007Z","2026-10-09T17:35:49.298Z",200,NA
"https://api-web.nhle.com/v1/roster/SJS/current","roster_SJS","2026-10-09T17:35:49.307Z","2026-10-09T17:35:49.569Z",200,NA
"https://api-web.nhle.com/v1/roster/FLA/current","roster_FLA","2026-10-09T17:35:49.576Z","2026-10-09T17:35:49.824Z",200,NA
"https://api-web.nhle.com/v1/roster/CAR/current","roster_CAR","2026-10-09T17:35:49.831Z","2026-10-09T17:35:50.107Z",200,NA
"https://api-web.nhle.com/v1/roster/WPG/current","roster_WPG","2026-10-09T17:35:50.114Z","2026-10-09T17:35:50.297Z",200,NA
"https://api-web.nhle.com/v1/roster/NSH/current","roster_NSH","2026-10-09T17:35:50.306Z","2026-10-09T17:35:50.495Z",200,NA
"https://api-web.nhle.com/v1/roster/NJD/current","roster_NJD","2026-10-09T17:35:50.504Z","2026-10-09T17:35:50.676Z",200,NA
"https://api-web.nhle.com/v1/roster/OTT/current","roster_OTT","2026-10-09T17:35:50.685Z","2026-10-09T17:35:50.963Z",200,NA
"https://api-web.nhle.com/v1/roster/COL/current","roster_COL","2026-10-09T17:35:50.970Z","2026-10-09T17:35:51.223Z",200,NA
"https://api-web.nhle.com/v1/roster/WSH/current","roster_WSH","2026-10-09T17:35:51.230Z","2026-10-09T17:35:51.389Z",200,NA
"https://api-web.nhle.com/v1/roster/STL/current","roster_STL","2026-10-09T17:35:51.396Z","2026-10-09T17:35:51.594Z",200,NA
"https://api-web.nhle.com/v1/roster/DET/current","roster_DET","2026-10-09T17:35:51.600Z","2026-10-09T17:35:51.767Z",200,NA
"https://api-web.nhle.com/v1/roster/NYR/current","roster_NYR","2026-10-09T17:35:51.774Z","2026-10-09T17:35:51.938Z",200,NA
"https://api-web.nhle.com/v1/roster/ANA/current","roster_ANA","2026-10-09T17:35:51.946Z","2026-10-09T17:35:52.120Z",200,NA
"https://api-web.nhle.com/v1/roster/CHI/current","roster_CHI","2026-10-09T17:35:52.130Z","2026-10-09T17:35:52.403Z",200,NA
"https://api-web.nhle.com/v1/roster/SEA/current","roster_SEA","2026-10-09T17:35:52.410Z","2026-10-09T17:35:52.579Z",200,NA
"https://api-web.nhle.com/v1/roster/PIT/current","roster_PIT","2026-10-09T17:35:52.587Z","2026-10-09T17:35:52.744Z",200,NA
"https://api-web.nhle.com/v1/roster/BOS/current","roster_BOS","2026-10-09T17:35:52.750Z","2026-10-09T17:35:52.990Z",200,NA
"https://api-web.nhle.com/v1/roster/DAL/current","roster_DAL","2026-10-09T17:35:52.997Z","2026-10-09T17:35:53.246Z",200,NA
"https://api-web.nhle.com/v1/roster/TBL/current","roster_TBL","2026-10-09T17:35:53.253Z","2026-10-09T17:35:53.437Z",200,NA
"https://api-web.nhle.com/v1/roster/PHI/current","roster_PHI","2026-10-09T17:35:53.444Z","2026-10-09T17:35:53.711Z",200,NA
"https://api-web.nhle.com/v1/roster/MIN/current","roster_MIN","2026-10-09T17:35:53.718Z","2026-10-09T17:35:53.917Z",200,NA
"https://api-web.nhle.com/v1/roster/CBJ/current","roster_CBJ","2026-10-09T17:35:53.926Z","2026-10-09T17:35:54.138Z",200,NA
"https://api-web.nhle.com/v1/roster/NYI/current","roster_NYI","2026-10-09T17:35:54.148Z","2026-10-09T17:35:54.313Z",200,NA
"https://api-web.nhle.com/v1/roster/VAN/current","roster_VAN","2026-10-09T17:35:54.321Z","2026-10-09T17:35:54.508Z",200,NA
"https://api-web.nhle.com/v1/roster/LAK/current","roster_LAK","2026-10-09T17:35:54.517Z","2026-10-09T17:35:54.687Z",200,NA
"https://api-web.nhle.com/v1/roster/UTA/current","roster_UTA","2026-10-09T17:35:54.695Z","2026-10-09T17:35:54.945Z",200,NA
"https://api-web.nhle.com/v1/roster/TOR/current","roster_TOR","2026-10-09T17:35:54.953Z","2026-10-09T17:35:55.154Z",200,NA
"https://api-web.nhle.com/v1/roster/EDM/current","roster_EDM","2026-10-09T17:35:55.162Z","2026-10-09T17:35:55.333Z",200,NA
"https://api-web.nhle.com/v1/roster/VGK/current","roster_VGK","2026-10-09T17:35:55.343Z","2026-10-09T17:35:55.542Z",200,NA
"https://api-web.nhle.com/v1/roster/CGY/current","roster_CGY","2026-10-09T17:35:55.549Z","2026-10-09T17:35:55.724Z",200,NA
"https://api-web.nhle.com/v1/roster/UTA/current","roster_UTA","2026-10-09T17:35:55.735Z","2026-10-09T17:35:55.802Z",200,NA
"https://www.nhl.com/news/nhl-lineup-projections-2026-27-season","lineups","2026-10-09T17:35:55.812Z","2026-10-09T17:35:56.076Z",200,NA
