"game_id","season","game_date","startTimeUTC","gameState","teamId","team_abbrev","team_label","opponent_label","projected_name","backup_name","projected_playerId","match_method","projection_status","retrieved_at","source_url","article_date","eligible_for_backtest"
2026020070,20262027,"2026-10-10","2026-10-10T17:00:00Z","LIVE",4,"PHI","Flyers","Bruins","Dan Vladar","Joseph Woll",NA,"exact_normalized","not_pregame","2026-10-10T18:37:36.511Z","https://www.nhl.com/news/nhl-lineup-projections-2026-27-season","2026-10-10",FALSE
2026020070,20262027,"2026-10-10","2026-10-10T17:00:00Z","LIVE",6,"BOS","Bruins","Flyers","Jeremy Swayman","Michael DiPietro",NA,"exact_normalized","not_pregame","2026-10-10T18:37:36.511Z","https://www.nhl.com/news/nhl-lineup-projections-2026-27-season","2026-10-10",FALSE
2026020071,20262027,"2026-10-10","2026-10-10T19:30:00Z","FUT",23,"VAN","Canucks","Devils","Leevi Merilainen","Kevin Lankinen",8482447,"exact_normalized","matched","2026-10-10T18:37:36.511Z","https://www.nhl.com/news/nhl-lineup-projections-2026-27-season","2026-10-10",TRUE
2026020071,20262027,"2026-10-10","2026-10-10T19:30:00Z","FUT",1,"NJD","Devils","Canucks","Jake Allen","Nico Daws",8474596,"exact_normalized","matched","2026-10-10T18:37:36.511Z","https://www.nhl.com/news/nhl-lineup-projections-2026-27-season","2026-10-10",TRUE
2026020072,20262027,"2026-10-10","2026-10-10T20:00:00Z","FUT",22,"EDM","Oilers","Sharks","Tristan Jarry","Devon Levi",8477465,"exact_normalized","matched","2026-10-10T18:37:36.511Z","https://www.nhl.com/news/nhl-lineup-projections-2026-27-season","2026-10-10",TRUE
2026020072,20262027,"2026-10-10","2026-10-10T20:00:00Z","FUT",28,"SJS","Sharks","Oilers","Yaroslav Askarov","Alex Nedeljkovic",8482137,"exact_normalized","matched","2026-10-10T18:37:36.511Z","https://www.nhl.com/news/nhl-lineup-projections-2026-27-season","2026-10-10",TRUE
2026020073,20262027,"2026-10-10","2026-10-10T22:00:00Z","FUT",30,"MIN","Wild","Panthers","Jesper Wallstedt","Calvin Pickard",8482661,"exact_normalized","matched","2026-10-10T18:37:36.511Z","https://www.nhl.com/news/nhl-lineup-projections-2026-27-season","2026-10-10",TRUE
2026020073,20262027,"2026-10-10","2026-10-10T22:00:00Z","FUT",13,"FLA","Panthers","Wild","Jacob Markstrom","Akira Schmid",8474593,"exact_normalized","matched","2026-10-10T18:37:36.511Z","https://www.nhl.com/news/nhl-lineup-projections-2026-27-season","2026-10-10",TRUE
2026020074,20262027,"2026-10-10","2026-10-10T23:00:00Z","FUT",68,"UTA","Mammoth","Sabres","Karel Vejmelka","Sebastian Cossa",8478872,"exact_normalized","matched","2026-10-10T18:37:36.511Z","https://www.nhl.com/news/nhl-lineup-projections-2026-27-season","2026-10-10",TRUE
2026020074,20262027,"2026-10-10","2026-10-10T23:00:00Z","FUT",7,"BUF","Sabres","Mammoth","Colten Ellis","Ukko-Pekka Luukkonen",8481551,"exact_normalized","matched","2026-10-10T18:37:36.511Z","https://www.nhl.com/news/nhl-lineup-projections-2026-27-season","2026-10-10",TRUE
2026020075,20262027,"2026-10-10","2026-10-10T23:00:00Z","FUT",17,"DET","Red Wings","Canadiens","Daniil Tarasov","John Gibson",8480193,"exact_normalized","matched","2026-10-10T18:37:36.511Z","https://www.nhl.com/news/nhl-lineup-projections-2026-27-season","2026-10-10",TRUE
2026020075,20262027,"2026-10-10","2026-10-10T23:00:00Z","FUT",8,"MTL","Canadiens","Red Wings","Jacob Fowler","Jakub Dobes",8484170,"exact_normalized","matched","2026-10-10T18:37:36.511Z","https://www.nhl.com/news/nhl-lineup-projections-2026-27-season","2026-10-10",TRUE
2026020076,20262027,"2026-10-10","2026-10-10T23:00:00Z","FUT",18,"NSH","Predators","Senators","Juuse Saros","Matt Murray",8477424,"exact_normalized","matched","2026-10-10T18:37:36.511Z","https://www.nhl.com/news/nhl-lineup-projections-2026-27-season","2026-10-10",TRUE
2026020076,20262027,"2026-10-10","2026-10-10T23:00:00Z","FUT",9,"OTT","Senators","Predators","Linus Ullmark","Samuel Ersson",8476999,"exact_normalized","matched","2026-10-10T18:37:36.511Z","https://www.nhl.com/news/nhl-lineup-projections-2026-27-season","2026-10-10",TRUE
2026020077,20262027,"2026-10-10","2026-10-10T23:00:00Z","FUT",25,"DAL","Stars","Penguins","Jake Oettinger","Casey DeSmith",8479979,"exact_normalized","matched","2026-10-10T18:37:36.511Z","https://www.nhl.com/news/nhl-lineup-projections-2026-27-season","2026-10-10",TRUE
2026020077,20262027,"2026-10-10","2026-10-10T23:00:00Z","FUT",5,"PIT","Penguins","Stars","Arturs Silovs","Sergei Murashov",8481668,"exact_normalized","matched","2026-10-10T18:37:36.511Z","https://www.nhl.com/news/nhl-lineup-projections-2026-27-season","2026-10-10",TRUE
2026020078,20262027,"2026-10-10","2026-10-10T23:00:00Z","FUT",12,"CAR","Hurricanes","Blackhawks","Brandon Bussi","Pyotr Kochetkov",8483548,"exact_normalized","matched","2026-10-10T18:37:36.511Z","https://www.nhl.com/news/nhl-lineup-projections-2026-27-season","2026-10-10",TRUE
2026020078,20262027,"2026-10-10","2026-10-10T23:00:00Z","FUT",16,"CHI","Blackhawks","Hurricanes","Spencer Knight","Arvid Soderblom",8481519,"exact_normalized","matched","2026-10-10T18:37:36.511Z","https://www.nhl.com/news/nhl-lineup-projections-2026-27-season","2026-10-10",TRUE
2026020079,20262027,"2026-10-10","2026-10-10T23:00:00Z","FUT",29,"CBJ","Blue Jackets","Blues","Jet Greaves","Cam Talbot",8482982,"exact_normalized","matched","2026-10-10T18:37:36.511Z","https://www.nhl.com/news/nhl-lineup-projections-2026-27-season","2026-10-10",TRUE
2026020079,20262027,"2026-10-10","2026-10-10T23:00:00Z","FUT",19,"STL","Blues","Blue Jackets","Jordan Binnington","Joel Hofer",8476412,"exact_normalized","matched","2026-10-10T18:37:36.511Z","https://www.nhl.com/news/nhl-lineup-projections-2026-27-season","2026-10-10",TRUE
2026020080,20262027,"2026-10-10","2026-10-10T23:00:00Z","FUT",10,"TOR","Maple Leafs","Avalanche","Anthony Stolarz","Sergei Bobrovsky",8476932,"exact_normalized","matched","2026-10-10T18:37:36.511Z","https://www.nhl.com/news/nhl-lineup-projections-2026-27-season","2026-10-10",TRUE
2026020080,20262027,"2026-10-10","2026-10-10T23:00:00Z","FUT",21,"COL","Avalanche","Maple Leafs","Mackenzie Blackwood","Scott Wedgewood",8478406,"exact_normalized","matched","2026-10-10T18:37:36.511Z","https://www.nhl.com/news/nhl-lineup-projections-2026-27-season","2026-10-10",TRUE
2026020081,20262027,"2026-10-10","2026-10-10T23:30:00Z","FUT",14,"TBL","Lightning","Islanders","Andrei Vasilevskiy","Dennis Hildeby",8476883,"exact_normalized","matched","2026-10-10T18:37:36.511Z","https://www.nhl.com/news/nhl-lineup-projections-2026-27-season","2026-10-10",TRUE
2026020081,20262027,"2026-10-10","2026-10-10T23:30:00Z","FUT",2,"NYI","Islanders","Lightning","Ilya Sorokin","Semyon Varlamov",8478009,"exact_normalized","matched","2026-10-10T18:37:36.511Z","https://www.nhl.com/news/nhl-lineup-projections-2026-27-season","2026-10-10",TRUE
2026020082,20262027,"2026-10-10","2026-10-11T02:00:00Z","FUT",24,"ANA","Ducks","Flames","Ville Husso","Lukas Dostal",8478024,"exact_normalized","matched","2026-10-10T18:37:36.511Z","https://www.nhl.com/news/nhl-lineup-projections-2026-27-season","2026-10-10",TRUE
2026020082,20262027,"2026-10-10","2026-10-11T02:00:00Z","FUT",20,"CGY","Flames","Ducks","Dustin Wolf","Devin Cooley",8481692,"exact_normalized","matched","2026-10-10T18:37:36.511Z","https://www.nhl.com/news/nhl-lineup-projections-2026-27-season","2026-10-10",TRUE
2026020083,20262027,"2026-10-10","2026-10-11T02:00:00Z","FUT",26,"LAK","Kings","Golden Knights",NA,NA,NA,NA,"missing_or_duplicate_team_block","2026-10-10T18:37:36.511Z","https://www.nhl.com/news/nhl-lineup-projections-2026-27-season","2026-10-10",FALSE
2026020083,20262027,"2026-10-10","2026-10-11T02:00:00Z","FUT",54,"VGK","Golden Knights","Kings",NA,NA,NA,NA,"missing_or_duplicate_team_block","2026-10-10T18:37:36.511Z","https://www.nhl.com/news/nhl-lineup-projections-2026-27-season","2026-10-10",FALSE
